,Breakdown,ttm,12/31/2022,12/31/2021,12/31/2020
0,Total Revenue,"46,008","44,187","11,228","16,022"
1,Cost of Revenue,"36,394","29,125","7,681","15,832"
2,Gross Profit,"9,614","15,062","3,547",190
3,Operating Expense,"7,950","7,305","5,258","4,858"
4,Operating Income,"1,664","7,757","-1,711","-4,668"
5,Net Non Operating Interest Income Expense,-286,-352,102,96
6,Other Income Expense,78,275,-9,"-4,318"
7,Pretax Income,"1,456","7,680","-1,618","-8,890"
8,Tax Provision,181,"4,584",439,"-1,408"
9,Net Income Common Stockholders,"1,275","3,096","-2,057","-7,651"
10,Diluted NI Available to Com Stockholders,"1,275","3,096","-2,057","-7,651"
11,Basic EPS,0.01,0.03,-0.02,-0.09
12,Diluted EPS,0.01,0.03,-0.02,-0.09
13,Basic Average Shares,"119,672","114,372","100,161","83,180"
14,Diluted Average Shares,"120,480","117,616","100,161","83,180"
15,Total Expenses,"44,344","36,430","12,939","20,690"
16,Net Income from Continuing & Discontinued Operation,"1,275","3,096","-2,057","-7,651"
17,Normalized Income,"1,207","2,893","-2,050","-3,848"
18,Interest Income,187,20,178,332
19,Interest Expense,308,99,24,25
20,Net Interest Income,-286,-352,102,96
21,EBIT,"1,764","7,779","-1,594","-8,865"
22,EBITDA,"4,567","9,965",522,"-6,948"
23,Reconciled Cost of Revenue,"33,735","27,079","5,705","14,031"
24,Reconciled Depreciation,"2,803","2,186","2,116","1,917"
25,Net Income from Continuing Operation Net Minority Interest,"1,275","3,096","-2,057","-7,482"
26,Total Unusual Items Excluding Goodwill,78,275,-9,"-4,318"
27,Total Unusual Items,78,275,-9,"-4,318"
28,Normalized EBITDA,"4,489","9,690",531,"-2,630"
29,Tax Rate for Calcs,0,0,0,0
30,Tax Effect of Unusual Items,9.6964,72.0775,-2.385,-683.8857
31,Breakdown,12/31/2022,12/31/2021,12/31/2020,
32,Total Assets,"121,196","86,278","68,780",
33,Total Liabilities Net Minority Interest,"23,175","7,771","9,772",
34,Total Equity Gross Minority Interest,"98,021","78,507","59,008",
35,Total Capitalization,"98,021","78,507","59,008",
36,Common Stock Equity,"98,021","78,507","59,008",
37,Capital Lease Obligations,"1,716","1,069",486,
38,Net Tangible Assets,"98,021","78,507","59,008",
39,Working Capital,"8,821","31,635","14,680",
40,Invested Capital,"102,947","78,507","59,080",
41,Tangible Book Value,"98,021","78,507","59,008",
42,Total Debt,"6,642","1,069","3,071",
43,Share Issued,"118,349","102,243","89,583",
44,Ordinary Shares Number,"118,335","102,229","89,569",
45,Treasury Shares Number,14.18,14.18,14.18,
