,Breakdown,ttm,12/31/2022,12/31/2021,12/31/2020
0,Total Revenue,"1,053","1,030","1,144",0
1,Operating Expense,"31,914","35,134","26,108","22,393"
2,Operating Income,"-30,861","-34,104","-24,964","-22,393"
3,Net Non Operating Interest Income Expense,481,"1,087",190,178
4,Pretax Income,"-30,380","-33,017","-24,774","-22,215"
5,Net Income Common Stockholders,"-30,380","-33,017","-24,774","-22,216"
6,Diluted NI Available to Com Stockholders,"-30,380","-33,017","-24,774","-22,216"
7,Basic EPS,-1.93,-1.37,-1.20,-1.83
8,Diluted EPS,-1.93,-1.37,-1.20,-1.83
9,Basic Average Shares,"26,120","24,142","20,568","12,134"
10,Diluted Average Shares,"26,120","24,142","20,568","12,134"
11,Total Operating Income as Reported,"-30,861","-34,104","-24,964","-22,393"
12,Total Expenses,"31,914","35,134","26,108","22,393"
13,Net Income from Continuing & Discontinued Operation,"-30,380","-33,017","-24,774","-22,215"
14,Normalized Income,"-30,380","-33,017","-24,774","-22,215"
15,Interest Income,481,"1,087",190,178
16,Net Interest Income,481,"1,087",190,178
17,EBIT,"-30,861","-34,104","-24,964","-22,393"
18,EBITDA,"-30,186","-33,405","-24,440","-21,946"
19,Reconciled Depreciation,675,699,524,447
20,Net Income from Continuing Operation Net Minority Interest,"-30,380","-33,017","-24,774","-22,215"
21,Normalized EBITDA,"-30,186","-33,405","-24,440","-21,946"
22,Tax Rate for Calcs,0,0,0,0
23,Tax Effect of Unusual Items,0,0,0,0
24,Breakdown,12/31/2022,12/31/2021,12/31/2020,
25,Total Assets,"114,192","80,388","66,397",
26,Total Liabilities Net Minority Interest,"47,711","6,843","5,078",
27,Total Equity Gross Minority Interest,"66,481","73,545","61,319",
28,Total Capitalization,"66,481","73,545","61,319",
29,Common Stock Equity,"66,481","73,545","61,319",
30,Capital Lease Obligations,"2,581",310,738,
31,Net Tangible Assets,"66,481","73,545","61,319",
32,Working Capital,"100,314","72,909","60,158",
33,Invested Capital,"66,481","73,545","61,319",
34,Tangible Book Value,"66,481","73,545","61,319",
35,Total Debt,"2,581",310,738,
36,Share Issued,"25,675","22,144","17,533",
37,Ordinary Shares Number,"25,675","22,144","17,533",
