,Breakdown,ttm,12/31/2022,12/31/2021,12/31/2020
0,Total Revenue,"16,287","23,285","25,596","5,637"
1,Cost of Revenue,"15,936","17,907","13,922","2,950"
2,Gross Profit,351,"5,378","11,674","2,687"
3,Operating Expense,"12,131","15,524","13,140","11,487"
4,Operating Income,"-11,780","-10,146","-1,466","-8,800"
5,Net Non Operating Interest Income Expense,19,-11,-373,-132
6,Other Income Expense,-72,339,206,-106
7,Pretax Income,"-11,833","-9,818","-1,633","-9,038"
8,Tax Provision,178,88,462,48
9,Net Income Common Stockholders,"-12,011","-9,906","-2,095","-9,086"
10,Diluted NI Available to Com Stockholders,"-12,011","-9,906","-2,095","-9,086"
11,Basic EPS,-1.68,-1.50,-0.25,-1.75
12,Diluted EPS,-1.68,-1.50,-0.25,-1.75
13,Basic Average Shares,"7,246","6,621","6,478","5,271"
14,Diluted Average Shares,"8,573","6,621","6,478","5,271"
15,Total Operating Income as Reported,"-11,780","-10,146","-1,466","-8,800"
16,Total Expenses,"28,067","33,431","27,062","14,437"
17,Net Income from Continuing & Discontinued Operation,"-12,011","-9,906","-2,095","-9,086"
18,Normalized Income,"-11,954","-10,174","-2,245","-9,009"
19,Interest Expense,-,11,373,132
20,Net Interest Income,19,-11,-373,-132
21,EBIT,"-11,441","-9,807","-1,260","-8,800"
22,EBITDA,"-10,933","-9,438",-649,"-7,838"
23,Reconciled Cost of Revenue,"15,936","17,907","13,922","2,950"
24,Reconciled Depreciation,508,369,611,962
25,Net Income from Continuing Operation Net Minority Interest,"-12,011","-9,906","-2,095","-9,086"
26,Total Unusual Items Excluding Goodwill,-72,339,206,-106
27,Total Unusual Items,-72,339,206,-106
28,Normalized EBITDA,"-10,861","-9,777",-855,"-7,732"
29,Tax Rate for Calcs,0,0,0,0
30,Tax Effect of Unusual Items,-15.12,71.19,55.62,-28.62
31,Breakdown,12/31/2022,12/31/2021,12/31/2020,
32,Total Assets,"14,944","23,713","18,306",
33,Total Liabilities Net Minority Interest,"8,464","9,621","6,334",
34,Total Equity Gross Minority Interest,"6,480","14,092","11,972",
35,Total Capitalization,"6,480","14,092","11,972",
36,Common Stock Equity,"6,480","14,092","11,972",
37,Capital Lease Obligations,234,327,277,
38,Net Tangible Assets,"6,480","14,092","11,972",
39,Working Capital,"3,621","10,640","8,794",
40,Invested Capital,"6,480","14,092","11,972",
41,Tangible Book Value,"6,480","14,092","11,972",
42,Total Debt,234,327,277,
43,Share Issued,"6,810","6,512","6,301",
44,Ordinary Shares Number,"6,810","6,512","6,301",
