,Breakdown,ttm,12/31/2022,12/31/2021,12/31/2020
0,Total Revenue,"608,445","609,615","557,676","458,704"
1,Cost of Revenue,"367,180","368,263","343,629","286,114"
2,Gross Profit,"241,265","241,352","214,047","172,590"
3,Operating Expense,"195,084","200,701","183,272","154,339"
4,Operating Income,"46,181","40,651","30,775","18,251"
5,Net Non Operating Interest Income Expense,"-3,022","-3,954","-3,687","-5,178"
6,Other Income Expense,"-1,750",-732,53,"5,374"
7,Pretax Income,"41,409","35,965","27,141","18,447"
8,Tax Provision,"13,029","8,561","8,166","3,080"
9,Earnings from Equity Interest Net of Tax,0,0,-388,-125
10,Net Income Common Stockholders,"28,380","27,404","18,587","15,242"
11,Diluted NI Available to Com Stockholders,"28,380","27,404","18,587","15,242"
12,Basic EPS,0.16,0.94,0.62,0.52
13,Diluted EPS,0.16,0.92,0.61,0.51
14,Basic Average Shares,"28,289","29,234","29,811","29,450"
15,Diluted Average Shares,"28,768","29,872","30,410","29,993"
16,Total Operating Income as Reported,"46,181","40,651","30,946","22,908"
17,Total Expenses,"562,264","568,964","526,901","440,453"
18,Net Income from Continuing & Discontinued Operation,"28,380","27,404","18,587","15,242"
19,Normalized Income,"29,579","27,962","19,020","10,765"
20,Interest Income,-,167,65,89
21,Interest Expense,"2,722","3,832","3,389","4,944"
22,Net Interest Income,"-3,022","-3,954","-3,687","-5,178"
23,EBIT,"44,131","39,797","30,530","23,391"
24,EBITDA,"65,964","61,935","52,759","43,293"
25,Reconciled Cost of Revenue,"367,180","360,078","335,113","278,956"
26,Reconciled Depreciation,"21,833","22,138","22,229","19,902"
27,Net Income from Continuing Operation Net Minority Interest,"28,380","27,404","18,587","15,242"
28,Total Unusual Items Excluding Goodwill,"-1,750",-732,-619,"5,374"
29,Total Unusual Items,"-1,750",-732,-619,"5,374"
30,Normalized EBITDA,"67,714","62,667","53,378","37,919"
31,Tax Rate for Calcs,0,0,0,0
32,Tax Effect of Unusual Items,-550.6231,-174.216,-186.319,897.2689
33,Breakdown,12/31/2022,12/31/2021,12/31/2020,
34,Total Assets,"726,313","694,160","680,293",
35,Total Liabilities Net Minority Interest,"356,334","321,422","319,557",
36,Total Equity Gross Minority Interest,"369,979","372,738","360,736",
37,Total Capitalization,"421,456","424,978","468,178",
38,Common Stock Equity,"369,979","372,738","360,736",
39,Capital Lease Obligations,"24,771","25,839","12,365",
40,Net Tangible Assets,"138,305","128,637","111,114",
41,Working Capital,"121,966","118,939","158,926",
42,Invested Capital,"421,456","424,978","468,178",
43,Tangible Book Value,"138,305","128,637","111,114",
44,Total Debt,"76,248","78,079","119,807",
45,Net Debt,"31,149","35,955","91,519",
46,Share Issued,"34,446","34,248","33,922",
47,Ordinary Shares Number,"29,416","30,887","30,861",
48,Treasury Shares Number,"5,030","3,361","3,061",
