,Breakdown,ttm,12/31/2022,12/31/2021,12/31/2020
0,Total Revenue,"84,534","81,180","70,383","58,720"
1,Cost of Revenue,"70,709","67,217","56,832","47,015"
2,Gross Profit,"13,825","13,963","13,551","11,705"
3,Operating Expense,"14,249","13,616","12,990","11,581"
4,Operating Income,-424,347,561,124
5,Net Non Operating Interest Income Expense,"-2,077","-1,464","-1,158","-1,210"
6,Other Income Expense,349,231,"2,333","1,138"
7,Pretax Income,"-2,152",-886,"1,736",52
8,Tax Provision,79,94,89,98
9,Net Income Common Stockholders,"-1,917",-583,"1,971",14
10,Diluted NI Available to Com Stockholders,"-1,917",-583,"1,971",14
11,Basic EPS,-0.49,-0.15,0.51,0.00
12,Diluted EPS,-0.49,-0.15,0.50,0.00
13,Basic Average Shares,"3,899","3,899","3,899","3,876"
14,Diluted Average Shares,"3,899","3,899","3,933","3,878"
15,Total Operating Income as Reported,-424,347,561,124
16,Total Expenses,"84,958","80,833","69,822","58,596"
17,Net Income from Continuing & Discontinued Operation,"-1,917",-583,"1,971",14
18,Normalized Income,"-1,917",-583,107.6889,-570.73
19,Interest Expense,"2,077","1,464","1,158","1,210"
20,Net Interest Income,"-2,077","-1,464","-1,158","-1,210"
21,EBIT,-75,578,"2,894","1,262"
22,EBITDA,"3,713","4,061","6,006","4,171"
23,Reconciled Cost of Revenue,"70,709","67,217","56,832","47,015"
24,Reconciled Depreciation,"3,788","3,483","3,112","2,909"
25,Net Income from Continuing Operation Net Minority Interest,"-1,917",-583,"1,971",14
26,Total Unusual Items Excluding Goodwill,0,0,"1,964",801
27,Total Unusual Items,0,0,"1,964",801
28,Normalized EBITDA,"3,713","4,061","4,042","3,370"
29,Tax Rate for Calcs,0,0,0,0
30,Tax Effect of Unusual Items,0,0,100.6889,216.27
31,Breakdown,12/31/2022,12/31/2021,12/31/2020,
32,Total Assets,"89,750","78,037","77,950",
33,Total Liabilities Net Minority Interest,"51,607","39,060","40,983",
34,Total Equity Gross Minority Interest,"38,143","38,977","36,967",
35,Total Capitalization,"69,798","58,445","59,034",
36,Common Stock Equity,"38,490","39,069","37,093",
37,Capital Lease Obligations,"1,882","2,261","2,621",
38,Net Tangible Assets,"38,490","39,069","37,093",
39,Working Capital,"-2,768","-2,053","-1,924",
40,Invested Capital,"70,301","59,571","60,628",
41,Tangible Book Value,"38,490","39,069","37,093",
42,Total Debt,"33,693","22,763","26,156",
43,Net Debt,"30,187","17,248","19,325",
44,Share Issued,"3,899","3,899","3,899",
45,Ordinary Shares Number,"3,899","3,899","3,899",
