,Breakdown,ttm,4/30/2023,4/30/2022,4/30/2021,4/30/2020
0,Total Revenue,"63,237","48,676","58,926","40,069","18,783"
1,Cost of Revenue,"35,815","29,777","32,269","25,602","13,785"
2,Gross Profit,"27,422","18,899","26,657","14,467","4,998"
3,Operating Expense,"5,236","13,069","5,354","5,420","12,957"
4,Operating Income,"22,186","5,830","21,303","9,047","-7,959"
5,Net Non Operating Interest Income Expense,7,8,2,-40,334
6,Other Income Expense,-,"1,803",261,"1,028","-5,046"
7,Pretax Income,"22,194","7,641","21,566","10,035","-7,625"
8,Tax Provision,"5,762","-14,149","5,704","2,643","-1,722"
9,Net Income Common Stockholders,"16,432","21,790","15,862","7,392","-5,903"
10,Diluted NI Available to Com Stockholders,"16,432","21,790","15,862","7,392","-5,903"
11,Basic EPS,3.54,4.13,2.21,0.95,-0.73
12,Diluted EPS,3.53,4.11,2.21,0.95,-0.73
13,Basic Average Shares,"5,292","5,282","7,170","7,743","8,134"
14,Diluted Average Shares,"5,323","5,307","7,193","7,773","8,134"
15,Total Operating Income as Reported,"22,186","5,830","21,303","9,047","-7,959"
16,Total Expenses,"41,051","42,846","37,623","31,022","26,742"
17,Net Income from Continuing & Discontinued Operation,"16,432","21,790","15,862","7,392","-5,903"
18,Normalized Income,"16,432","21,790","15,862","7,392","-5,903"
19,Interest Income,213,8,2,-,334
20,Interest Expense,-,-,-,40,0
21,Net Interest Income,7,8,2,-40,334
22,EBIT,"22,186","5,830","21,303","9,047","-7,959"
23,EBITDA,"22,229","5,893","21,528","9,601","-7,422"
24,Reconciled Cost of Revenue,"35,815","29,777","32,269","25,602","13,785"
25,Reconciled Depreciation,43,63,225,554,537
26,Net Income from Continuing Operation Net Minority Interest,"16,432","21,790","15,862","7,392","-5,903"
27,Total Unusual Items Excluding Goodwill,-,-,-,-,"-5,046"
28,Total Unusual Items,-,-,-,-,"-5,046"
29,Normalized EBITDA,"22,229","5,893","21,528","9,601","-7,422"
30,Tax Rate for Calcs,0,0,0,0,0
31,Tax Effect of Unusual Items,0,0,0,0,0
32,Breakdown,4/30/2023,4/30/2022,4/30/2021,4/30/2020,
33,Total Assets,"115,895","94,917","97,366","96,666",
34,Total Liabilities Net Minority Interest,"4,895","11,755","8,477","12,029",
35,Total Equity Gross Minority Interest,"111,000","83,162","88,889","84,637",
36,Total Capitalization,"111,044","85,192","92,337","88,527",
37,Common Stock Equity,"111,000","83,162","88,889","84,637",
38,Net Tangible Assets,"111,000","83,162","88,889","84,637",
39,Working Capital,"83,091","73,701","76,198","68,503",
40,Invested Capital,"111,044","85,192","92,337","88,527",
41,Tangible Book Value,"111,000","83,162","88,889","84,637",
42,Total Debt,44,"2,030","3,448","3,890",
43,Share Issued,"5,255","5,240","7,323","8,358",
44,Ordinary Shares Number,"5,255","5,240","7,323","8,133",
45,Treasury Shares Number,-,-,-,225.25,
