,Breakdown,ttm,2/28/2023,2/28/2022,2/28/2021
0,Total Revenue,"1,507,524","1,323,649","525,598","480,574"
1,Cost of Revenue,"1,163,857","1,027,706","379,445","357,675"
2,Gross Profit,"343,667","295,943","146,153","122,899"
3,Operating Expense,"128,145","122,305","66,934","59,317"
4,Operating Income,"215,522","173,638","79,219","63,582"
5,Net Non Operating Interest Income Expense,"-109,392","-88,800","-6,363","-9,461"
6,Other Income Expense,"13,394","3,837",175,"-15,690"
7,Pretax Income,"119,524","88,675","73,031","38,431"
8,Tax Provision,"28,353","22,336","23,214","11,248"
9,Net Income Common Stockholders,"70,405","-61,214","84,022","39,614"
10,Diluted NI Available to Com Stockholders,"70,405","-61,214","84,022","39,614"
11,Basic EPS,2.18,-2.47,3.38,1.53
12,Diluted EPS,2.17,-2.47,3.35,1.52
13,Basic Average Shares,"26,073","24,828","24,855","25,897"
14,Diluted Average Shares,"26,147","24,978","25,077","26,045"
15,Total Operating Income as Reported,"215,522","173,638","79,219","47,477"
16,Total Expenses,"1,292,002","1,150,011","446,379","416,992"
17,Net Income from Continuing & Discontinued Operation,"84,805","-52,974","84,022","39,614"
18,Normalized Income,"91,171","66,339","49,817","38,574"
19,Interest Expense,"109,392","88,800","6,363","9,461"
20,Net Interest Income,"-109,392","-88,800","-6,363","-9,461"
21,EBIT,"228,916","177,475","79,394","47,892"
22,EBITDA,"306,727","252,065","111,475","79,986"
23,Reconciled Cost of Revenue,"1,163,857","1,027,706","379,445","357,675"
24,Reconciled Depreciation,"77,811","74,590","32,081","32,094"
25,Net Income from Continuing Operation Net Minority Interest,"91,171","66,339","49,817","27,183"
26,Total Unusual Items Excluding Goodwill,0,0,0,"-16,105"
27,Total Unusual Items,0,0,0,"-16,105"
28,Normalized EBITDA,"306,727","252,065","111,475","96,091"
29,Tax Rate for Calcs,0,0,0,0
30,Tax Effect of Unusual Items,0,0,0,"-4,714"
31,Breakdown,2/28/2023,2/28/2022,2/28/2021,
32,Total Assets,"2,221,479","1,133,027","999,227",
33,Total Liabilities Net Minority Interest,"1,368,019","465,662","375,935",
34,Total Equity Gross Minority Interest,"853,460","667,365","623,292",
35,Total Capitalization,"1,911,580","893,849","801,711",
36,Preferred Stock Equity,240,-,-,
37,Common Stock Equity,"853,220","667,365","623,292",
38,Capital Lease Obligations,"27,107","14,692","39,250",
39,Net Tangible Assets,"-328,481","437,859","177,979",
40,Working Capital,"230,176","236,002","188,422",
41,Invested Capital,"1,911,340","893,849","801,711",
42,Tangible Book Value,"-328,721","437,859","177,979",
43,Total Debt,"1,085,227","241,176","217,669",
44,Net Debt,"1,055,300","214,402","163,582",
45,Share Issued,"24,912","24,688","25,108",
46,Ordinary Shares Number,"24,912","24,688","25,108",
