,Breakdown,ttm,12/31/2022,12/31/2021,12/31/2020
0,Total Revenue,"19,687,808","19,273,086","16,762,319","15,238,086"
1,Pretax Income,"6,848,329","6,855,889","5,332,816","224,161"
2,Tax Provision,"1,888,451","2,110,501","1,660,987","-109,977"
3,Net Income Common Stockholders,"4,865,540","4,633,096","3,584,582","346,894"
4,Diluted NI Available to Com Stockholders,"4,865,540","4,633,096","3,584,582","346,894"
5,Basic EPS,63.11,58.26,45.09,4.37
6,Diluted EPS,62.98,58.13,44.99,4.36
7,Basic Average Shares,"79,533","79,528","79,494","79,410"
8,Diluted Average Shares,"79,533","79,697","79,676","79,623"
9,Rent Expense Supplemental,"108,357","110,642","110,231","96,177"
10,Net Income from Continuing & Discontinued Operation,"4,865,540","4,633,096","3,584,582","346,894"
11,Normalized Income,"4,917,656","4,836,030","3,837,002","802,981"
12,Interest Income,"18,752,415","14,982,056","11,809,769","11,522,045"
13,Interest Expense,"5,860,523","3,493,187","2,490,802","2,978,696"
14,Net Interest Income,"12,891,892","11,488,869","9,318,967","8,543,349"
15,Reconciled Depreciation,"659,007","690,611","690,556","676,933"
16,Net Income from Continuing Operation Net Minority Interest,"4,865,540","4,633,096","3,584,582","346,894"
17,Total Unusual Items Excluding Goodwill,"-71,959","-293,172","-366,623","-646,932"
18,Total Unusual Items,"-71,959","-293,172","-366,623","-646,932"
19,Tax Rate for Calcs,0,0,0,0
20,Tax Effect of Unusual Items,"-19,843","-90,238","-114,203","-190,845"
21,Breakdown,12/31/2022,12/31/2021,12/31/2020,
22,Total Assets,"236,753,609","244,846,740","237,406,163",
23,Total Liabilities Net Minority Interest,"207,173,900","217,809,301","211,960,516",
24,Total Equity Gross Minority Interest,"29,579,709","27,037,439","25,445,647",
25,Total Capitalization,"54,420,893","51,397,603","47,104,310",
26,Common Stock Equity,"28,988,140","26,496,767","24,945,870",
27,Capital Lease Obligations,"578,074","655,294","750,578",
28,Net Tangible Assets,"26,088,711","23,786,687","22,306,573",
29,Invested Capital,"54,420,893","51,397,603","47,104,310",
30,Tangible Book Value,"26,088,711","23,786,687","22,306,573",
31,Total Debt,"26,010,827","25,556,130","22,909,018",
32,Share Issued,"94,382","94,382","94,382",
33,Ordinary Shares Number,"79,533","79,532","79,468",
34,Treasury Shares Number,"14,849","14,850","14,915",
