,Breakdown,ttm,12/31/2022,12/31/2021,12/31/2020
0,Total Revenue,"366,767","359,064","285,205","148,289"
1,Cost of Revenue,"102,889","125,176","104,921","107,868"
2,Gross Profit,"263,878","233,888","180,284","40,421"
3,Operating Expense,"101,045","81,752","76,910","84,528"
4,Operating Income,"162,833","152,136","103,374","-44,107"
5,Net Non Operating Interest Income Expense,"-16,203","-23,591","-8,018","-6,634"
6,Other Income Expense,"-94,504","-110,006","-123,673","-178,966"
7,Pretax Income,"52,126","18,539","-28,317","-229,707"
8,Tax Provision,0,0,0,0
9,Net Income Common Stockholders,"52,126","18,539","-28,317","-229,707"
10,Diluted NI Available to Com Stockholders,"52,126","18,539","-28,317","-229,707"
11,Basic EPS,1.14,1.14,-1.74,-14.18
12,Diluted EPS,1.12,1.12,-1.74,-14.18
13,Basic Average Shares,"16,331","16,331","16,261","16,204"
14,Diluted Average Shares,"16,510","16,510","16,261","16,204"
15,Total Operating Income as Reported,"162,833","152,136","103,374","-261,832"
16,Total Expenses,"203,934","206,928","181,831","192,396"
17,Net Income from Continuing & Discontinued Operation,"52,126","18,539","-28,317","-229,707"
18,Normalized Income,"146,630","128,545","95,356","-50,741"
19,Interest Expense,"16,203","23,591","8,018","6,634"
20,Net Interest Income,"-16,203","-23,591","-8,018","-6,634"
21,EBIT,"68,329","42,130","-20,299","-223,073"
22,EBITDA,"117,477","94,045","25,109","-161,020"
23,Reconciled Cost of Revenue,"102,889","125,176","104,921","107,868"
24,Reconciled Depreciation,"49,148","51,915","45,408","62,053"
25,Net Income from Continuing Operation Net Minority Interest,"52,126","18,539","-28,317","-229,707"
26,Total Unusual Items Excluding Goodwill,"-94,504","-110,006","-123,673","-178,966"
27,Total Unusual Items,"-94,504","-110,006","-123,673","-178,966"
28,Normalized EBITDA,"211,981","204,051","148,782","17,946"
29,Tax Rate for Calcs,0,0,0,0
30,Tax Effect of Unusual Items,0,0,0,0
31,Breakdown,12/31/2022,12/31/2021,12/31/2020,
32,Total Assets,"485,358","390,267","346,497",
33,Total Liabilities Net Minority Interest,"400,730","326,562","256,539",
34,Total Equity Gross Minority Interest,"84,628","63,705","89,958",
35,Total Capitalization,"267,304","245,270","248,447",
36,Common Stock Equity,"84,628","63,705","89,958",
37,Capital Lease Obligations,"8,357","6,811","8,025",
38,Net Tangible Assets,"84,628","63,705","89,958",
39,Working Capital,"-76,860","-33,688","-35,340",
40,Invested Capital,"302,371","245,355","250,167",
41,Tangible Book Value,"84,628","63,705","89,958",
42,Total Debt,"226,100","188,461","168,234",
43,Net Debt,"185,017","134,786","155,914",
44,Share Issued,"16,345","16,274","16,204",
45,Ordinary Shares Number,"16,345","16,274","16,204",
