,Breakdown,ttm,1/31/2023,1/31/2022,1/31/2021
0,Total Revenue,"481,947","467,937","411,522","255,310"
1,Cost of Revenue,"221,972","222,065","193,567","157,901"
2,Gross Profit,"259,975","245,872","217,955","97,409"
3,Operating Expense,"194,125","183,929","167,250","117,585"
4,Operating Income,"65,850","61,943","50,705","-20,176"
5,Net Non Operating Interest Income Expense,532,-19,5,-10
6,Pretax Income,"66,382","61,924","50,710","-20,186"
7,Tax Provision,"15,340","13,939","3,445","2,797"
8,Net Income Common Stockholders,"51,042","47,985","47,265","-22,983"
9,Diluted NI Available to Com Stockholders,"51,042","47,985","47,265","-22,983"
10,Basic EPS,3.51,3.21,3.06,-1.54
11,Diluted EPS,3.47,3.15,2.93,-1.54
12,Basic Average Shares,"14,427","14,941","15,461","14,923"
13,Diluted Average Shares,"14,614","15,250","16,123","14,923"
14,Total Expenses,"416,097","405,994","360,817","275,486"
15,Net Income from Continuing & Discontinued Operation,"51,042","47,985","47,265","-22,983"
16,Normalized Income,"51,042","47,985","47,265","-22,983"
17,Interest Expense,-,-,-,10
18,Net Interest Income,532,-19,5,-10
19,EBIT,"65,850","61,943","50,705","-20,176"
20,EBITDA,"78,577","74,425","62,981","-6,884"
21,Reconciled Cost of Revenue,"221,972","222,065","193,567","157,901"
22,Reconciled Depreciation,"13,650","12,482","12,276","13,292"
23,Net Income from Continuing Operation Net Minority Interest,"51,042","47,985","47,265","-22,983"
24,Normalized EBITDA,"78,577","74,425","62,981","-6,884"
25,Tax Rate for Calcs,0,0,0,0
26,Tax Effect of Unusual Items,0,0,0,0
27,Breakdown,1/31/2023,1/31/2022,1/31/2021,
28,Total Assets,"280,794","266,324","261,372",
29,Total Liabilities Net Minority Interest,"161,677","172,641","194,064",
30,Total Equity Gross Minority Interest,"119,117","93,683","67,308",
31,Total Capitalization,"119,117","93,683","67,308",
32,Common Stock Equity,"119,117","93,683","67,308",
33,Capital Lease Obligations,"86,516","98,552","133,864",
34,Net Tangible Assets,"119,117","93,683","67,308",
35,Working Capital,"46,280","32,616","10,865",
36,Invested Capital,"119,117","93,683","67,308",
37,Tangible Book Value,"119,117","93,683","67,308",
38,Total Debt,"86,516","98,552","133,864",
39,Share Issued,"14,802","16,146","15,931",
40,Ordinary Shares Number,"14,802","16,146","15,931",
