,Breakdown,ttm,10/31/2022,10/31/2021,10/31/2020
0,Total Revenue,"-48,376","-48,376","42,811","27,514"
1,Operating Expense,428.419,428.419,572.622,561.715
2,Pretax Income,"-48,805","-48,805","42,238","26,952"
3,Net Income Common Stockholders,"-50,417","-50,417","40,626","25,339"
4,Diluted NI Available to Com Stockholders,"-50,417","-50,417","40,626","25,339"
5,Basic EPS,-8.30,-,7.84,5.07
6,Diluted EPS,-8.30,-,7.84,5.07
7,Basic Average Shares,"6,074",-,"5,182","4,998"
8,Diluted Average Shares,"6,074",-,"5,182","4,998"
9,Net Income from Continuing & Discontinued Operation,"-48,805","-48,805","42,238","26,952"
10,Normalized Income,"-48,805","-48,805","42,238","26,952"
11,Interest Income,"1,453","1,453","1,787","1,871"
12,Interest Expense,1.102,1.102,0.655,0.253
13,Net Interest Income,"1,452","1,452","1,786","1,871"
14,Net Income from Continuing Operation Net Minority Interest,"-48,805","-48,805","42,238","26,952"
15,Tax Rate for Calcs,0,0,0,0
16,Tax Effect of Unusual Items,0,0,0,0
17,Breakdown,10/31/2022,10/31/2021,10/31/2020,
18,Total Assets,"148,000","213,099","184,609",
19,Total Liabilities Net Minority Interest,"30,365","30,561","31,081",
20,Total Equity Gross Minority Interest,"117,635","182,538","153,528",
21,Total Capitalization,-,"182,539",-,
22,Preferred Stock Equity,"30,000","30,000","30,000",
23,Common Stock Equity,"117,635","182,538","153,528",
24,Net Tangible Assets,"117,635","182,538","153,528",
25,Invested Capital,-,"182,539",-,
26,Tangible Book Value,"117,635","182,538","153,528",
27,Total Debt,-,1.09,-,
28,Net Debt,-,1.09,-,
29,Share Issued,"5,838","5,518","5,325",
30,Ordinary Shares Number,"5,838","5,518","5,325",
31,Preferred Shares Number,"1,200","1,200","1,200",
