,Breakdown,ttm,12/31/2023,12/31/2022,12/31/2021,12/31/2020
0,Total Revenue,"-6,361","-6,361","140,211","199,771","-9,332"
1,Operating Expense,"2,277","2,277","2,700","2,213","2,060"
2,Pretax Income,"-8,638","-8,638","137,511","197,558","-11,392"
3,Net Income Common Stockholders,"-8,638","-8,638","137,511","197,558","-11,392"
4,Diluted NI Available to Com Stockholders,"-8,638","-8,638","137,511","197,558","-11,392"
5,Basic EPS,1.26,-,1.57,2.24,-0.06
6,Diluted EPS,1.26,-,1.57,2.24,-0.06
7,Basic Average Shares,"85,859",-,"87,586","88,196","88,316"
8,Diluted Average Shares,"85,859",-,"87,586","88,196","88,316"
9,Net Income from Continuing & Discontinued Operation,"-8,638","-8,638","137,511","197,558","-11,392"
10,Normalized Income,"-8,638","-8,638","137,511","197,558","-11,392"
11,Interest Income,0,0,32.648,173.132,883.954
12,Interest Expense,2.847,2.847,-,-,-
13,Net Interest Income,-2.847,-2.847,32.648,173.132,883.954
14,Net Income from Continuing Operation Net Minority Interest,"-8,638","-8,638","137,511","197,558","-11,392"
15,Tax Rate for Calcs,0,0,0,0,0
16,Tax Effect of Unusual Items,0,0,0,0,0
17,Breakdown,12/31/2023,12/31/2022,12/31/2021,12/31/2020,
18,Total Assets,"908,705","992,210","922,365","764,927",
19,Total Liabilities Net Minority Interest,"17,367","9,029","20,583","18,312",
20,Total Equity Gross Minority Interest,"891,338","983,181","901,782","746,615",
21,Total Capitalization,-,"983,299","901,968",-,
22,Common Stock Equity,"891,338","983,181","901,782","746,615",
23,Net Tangible Assets,"891,338","983,181","901,782","746,615",
24,Invested Capital,-,"983,299","901,968",-,
25,Tangible Book Value,"891,338","983,181","901,782","746,615",
26,Total Debt,-,117.583,185.937,-,
27,Net Debt,-,78.18,98.092,-,
28,Share Issued,"84,363","87,518","88,316","88,316",
29,Ordinary Shares Number,"84,363","87,518","88,316","88,316",
