,Breakdown,ttm,12/31/2023,12/31/2022,12/31/2021,12/31/2020
0,Total Revenue,"151,492","151,492","-71,176","327,482","-16,754"
1,Operating Expense,"1,517","1,517","1,518","2,163","2,103"
2,Pretax Income,"149,975","149,975","-72,694","325,319","-18,856"
3,Net Income Common Stockholders,"149,975","149,975","-72,694","325,319","-18,856"
4,Diluted NI Available to Com Stockholders,"149,975","149,975","-72,694","325,319","-18,856"
5,Basic EPS,0.85,-,-0.40,1.75,-0.08
6,Diluted EPS,0.85,-,-0.40,1.75,-0.08
7,Basic Average Shares,"181,388",-,"181,735","185,897","235,705"
8,Diluted Average Shares,"186,494",-,"181,735","185,897","235,705"
9,Net Income from Continuing & Discontinued Operation,"149,975","149,975","-72,694","325,319","-18,856"
10,Normalized Income,"149,975","149,975","-72,694","325,319","-18,856"
11,Interest Income,0,0,-,-,-
12,Interest Expense,1.285,1.285,-,-,-
13,Net Interest Income,-1.285,-1.285,-,-,-
14,Net Income from Continuing Operation Net Minority Interest,"149,975","149,975","-72,694","325,319","-18,856"
15,Tax Rate for Calcs,0,0,0,0,0
16,Tax Effect of Unusual Items,0,0,0,0,0
17,Breakdown,12/31/2023,12/31/2022,12/31/2021,12/31/2020,
18,Total Assets,"1,680,478","1,646,551","1,935,250","1,779,163",
19,Total Liabilities Net Minority Interest,"38,877","16,909","32,412","40,041",
20,Total Equity Gross Minority Interest,"1,641,601","1,629,642","1,902,838","1,739,122",
21,Total Capitalization,-,-,-,"1,739,189",
22,Common Stock Equity,"1,641,601","1,629,642","1,902,838","1,739,122",
23,Net Tangible Assets,"1,641,601","1,629,642","1,902,838","1,739,122",
24,Invested Capital,-,-,-,"1,739,189",
25,Tangible Book Value,"1,641,601","1,629,642","1,902,838","1,739,122",
26,Total Debt,-,-,-,66.281,
27,Net Debt,-,-,-,66.281,
28,Share Issued,"186,135","186,416","186,003","186,003",
29,Ordinary Shares Number,"186,135","186,416","186,003","186,003",
