,Breakdown,ttm,9/30/2023,9/30/2022,9/30/2021,9/30/2020
0,Total Revenue,"157,959","173,282","157,145","136,275","112,188"
1,Cost of Revenue,"117,601","135,471","124,632","101,787","90,149"
2,Gross Profit,"40,358","37,811","32,513","34,488","22,039"
3,Operating Expense,"33,429","31,738","26,398","26,608","19,808"
4,Operating Income,"6,929","6,073","6,115","7,880","2,231"
5,Net Non Operating Interest Income Expense,-626,-959,-626,-880,-787
6,Other Income Expense,"3,509",951,"4,323","10,950",680
7,Pretax Income,"9,812","6,065","9,812","17,950","2,124"
8,Tax Provision,763,649,763,"1,185",-60
9,Net Income Common Stockholders,"6,312","3,999","6,312","11,784","1,110"
10,Diluted NI Available to Com Stockholders,"6,312","3,999","6,312","11,784","1,110"
11,Basic EPS,2.15,2.15,3.40,6.34,0.60
12,Diluted EPS,2.15,2.15,3.40,6.34,0.60
13,Basic Average Shares,"1,859","1,859","1,859","1,859","1,859"
14,Diluted Average Shares,"1,859","1,859","1,859","1,859","1,859"
15,Total Operating Income as Reported,"6,929","7,024","6,929","8,650","2,911"
16,Rent Expense Supplemental,"7,031","7,566","7,031","6,595","7,040"
17,Total Expenses,"151,030","167,209","151,030","128,395","109,957"
18,Net Income from Continuing & Discontinued Operation,"6,312","3,999","6,312","11,784","1,110"
19,Normalized Income,"3,076","3,999","3,076","2,276","1,110"
20,Interest Income,131,108,131,58,49
21,Interest Expense,757,"1,067",757,938,836
22,Net Interest Income,-626,-959,-626,-880,-787
23,EBIT,"10,569","7,132","10,569","18,888","2,960"
24,EBITDA,"15,968","13,246","15,968","24,494","9,250"
25,Reconciled Cost of Revenue,"117,601","135,471","124,632","101,787","90,149"
26,Reconciled Depreciation,"5,399","6,114","5,399","5,606","6,290"
27,Net Income from Continuing Operation Net Minority Interest,"6,312","3,999","6,312","11,784","1,110"
28,Total Unusual Items Excluding Goodwill,"3,509",0,"3,509","10,180",0
29,Total Unusual Items,"3,509",0,"3,509","10,180",0
30,Normalized EBITDA,"12,459","13,246","12,459","14,314","9,250"
31,Tax Rate for Calcs,0,0,0,0,0
32,Tax Effect of Unusual Items,272.8666,0,272.8666,672.0501,0
33,Breakdown,9/30/2023,9/30/2022,9/30/2021,9/30/2020,
34,Total Assets,"145,769","147,492","128,002","112,484",
35,Total Liabilities Net Minority Interest,"70,855","74,152","67,372","66,928",
36,Total Equity Gross Minority Interest,"74,914","73,340","60,630","45,556",
37,Total Capitalization,"81,058","78,759","70,775","60,660",
38,Common Stock Equity,"59,225","55,669","51,215","39,431",
39,Capital Lease Obligations,"28,235","30,534","29,192","28,225",
40,Net Tangible Assets,"57,957","54,401","50,393","38,801",
41,Working Capital,"12,923","28,717","19,567","11,146",
42,Invested Capital,"82,353","81,058","73,330","65,754",
43,Tangible Book Value,"57,957","54,401","50,393","38,801",
44,Total Debt,"51,363","55,923","51,307","54,548",
45,Share Issued,"4,198","4,198","4,198","4,198",
46,Ordinary Shares Number,"1,859","1,859","1,859","1,859",
47,Treasury Shares Number,"2,339","2,339","2,339","2,339",
