,Breakdown,ttm,7/31/2023,4/30/2022,4/30/2021,4/30/2020
0,Total Revenue,"-4,926","-4,926","-84,623","113,444","-26,656"
1,Operating Expense,331.561,331.561,341.354,440.86,382.048
2,Pretax Income,"-5,258","-5,258","-84,965","113,004","-27,038"
3,Net Income Common Stockholders,"-5,258","-5,258","-84,965","113,004","-27,038"
4,Diluted NI Available to Com Stockholders,"-5,258","-5,258","-84,965","113,004","-27,038"
5,Basic EPS,-0.09,-,-1.89,2.61,-0.61
6,Diluted EPS,-0.09,-,-1.89,2.61,-0.61
7,Basic Average Shares,"44,448",-,"44,955","43,296","44,325"
8,Diluted Average Shares,"44,448",-,"44,955","43,296","44,325"
9,Net Income from Continuing & Discontinued Operation,"-5,258","-5,258","-84,965","113,004","-27,038"
10,Normalized Income,"-5,258","-5,258","-84,965","113,004","-27,038"
11,Interest Income,"35,211","35,211","37,941","41,613","44,827"
12,Interest Expense,"12,100","12,100","3,752","3,734","8,248"
13,Net Interest Income,"23,110","23,110","34,189","37,879","36,580"
14,Net Income from Continuing Operation Net Minority Interest,"-5,258","-5,258","-84,965","113,004","-27,038"
15,Tax Rate for Calcs,0,0,0,0,0
16,Tax Effect of Unusual Items,0,0,0,0,0
17,Breakdown,7/31/2023,4/30/2022,4/30/2021,4/30/2020,
18,Total Assets,"819,327","953,881","1,075,743","992,170",
19,Total Liabilities Net Minority Interest,"301,048","406,667","413,651","413,363",
20,Total Equity Gross Minority Interest,"518,279","547,214","662,092","578,807",
21,Total Capitalization,"518,366","547,221",-,-,
22,Common Stock Equity,"518,279","547,214","662,092","578,807",
23,Net Tangible Assets,"518,279","547,214","662,092","578,807",
24,Invested Capital,"518,366","547,221",-,-,
25,Tangible Book Value,"518,279","547,214","662,092","578,807",
26,Total Debt,87.406,7.053,-,-,
27,Net Debt,87.406,7.053,-,-,
28,Share Issued,"44,448","45,026","44,913","44,831",
29,Ordinary Shares Number,"44,448","45,026","44,913","44,831",
