,Breakdown,ttm,7/31/2023,7/31/2022,7/31/2021,7/31/2020
0,Total Revenue,"1,139","1,139","-72,271","28,539","33,528"
1,Operating Expense,649.239,649.239,248.618,328.978,299.549
2,Pretax Income,489.356,489.356,"-72,519","28,210","33,229"
3,Net Income Common Stockholders,489.356,489.356,"-72,519","28,210","33,229"
4,Diluted NI Available to Com Stockholders,489.356,489.356,"-72,519","28,210","33,229"
5,Basic EPS,0.08,-,-2.29,0.91,1.08
6,Diluted EPS,0.08,-,-2.29,0.91,1.08
7,Basic Average Shares,"30,274",-,"31,668","31,000","30,767"
8,Diluted Average Shares,"30,274",-,"31,668","31,000","30,767"
9,Net Income from Continuing & Discontinued Operation,489.356,489.356,"-72,519","28,210","33,229"
10,Normalized Income,489.356,489.356,"-72,519","28,210","33,229"
11,Interest Income,"23,832","23,832","24,216","24,290","25,814"
12,Interest Expense,"7,433","7,433","3,030","2,396","5,573"
13,Net Interest Income,"16,398","16,398","21,186","21,894","20,241"
14,Net Income from Continuing Operation Net Minority Interest,489.356,489.356,"-72,519","28,210","33,229"
15,Total Unusual Items Excluding Goodwill,-,-,0,0,0
16,Total Unusual Items,-,-,0,0,0
17,Tax Rate for Calcs,0,0,0,0,0
18,Tax Effect of Unusual Items,0,0,0,0,0
19,Breakdown,7/31/2023,7/31/2022,7/31/2021,7/31/2020,
20,Total Assets,"601,744","690,835","827,800","817,145",
21,Total Liabilities Net Minority Interest,"207,417","273,585","317,144","316,792",
22,Total Equity Gross Minority Interest,"394,327","417,250","510,656","500,353",
23,Total Capitalization,-,-,"511,033","500,416",
24,Common Stock Equity,"394,327","417,250","510,656","500,353",
25,Net Tangible Assets,"394,327","417,250","510,656","500,353",
26,Invested Capital,-,-,"511,033","500,416",
27,Tangible Book Value,"394,327","417,250","510,656","500,353",
28,Total Debt,-,-,377.788,62.831,
29,Net Debt,-,-,377.788,62.831,
30,Share Issued,"30,274","31,125","31,342","31,551",
31,Ordinary Shares Number,"30,274","31,125","31,342","31,551",
