,Breakdown,ttm,3/31/2023,3/31/2022,3/31/2021,3/31/2020
0,Total Revenue,"170,727","162,950","181,342","143,068","169,420"
1,Cost of Revenue,"100,570","94,990","105,122","86,718","104,943"
2,Gross Profit,"70,157","67,960","76,220","56,350","64,477"
3,Operating Expense,"72,797","71,768","71,751","59,171","70,712"
4,Operating Income,"-2,640","-3,808","4,469","-2,821","-6,235"
5,Net Non Operating Interest Income Expense,"-6,665","-5,581","-3,182","-3,017","-5,683"
6,Other Income Expense,-309,-,-,-,-309
7,Pretax Income,"-9,305","-9,389","1,287","-5,838","-12,227"
8,Tax Provision,0,0,0,0,0
9,Earnings from Equity Interest Net of Tax,"2,387","1,957",0,0,-
10,Net Income Common Stockholders,"-6,918","-7,432","1,287","-5,838","-12,779"
11,Diluted NI Available to Com Stockholders,"-6,918","-7,432","1,287","-5,838","-12,779"
12,Basic EPS,-0.37,-0.40,0.07,-0.32,-0.71
13,Diluted EPS,-0.37,-0.40,0.07,-0.32,-0.71
14,Basic Average Shares,"18,855","18,692","18,346","18,005","17,968"
15,Diluted Average Shares,"18,855","18,692","18,794","18,005","17,968"
16,Total Operating Income as Reported,"-2,640","-3,808","4,469","-2,821","-6,544"
17,Total Expenses,"173,367","166,758","176,873","145,889","175,655"
18,Net Income from Continuing & Discontinued Operation,"-6,918","-7,432","1,287","-5,838","-12,779"
19,Normalized Income,"-6,918","-7,432","1,287","-5,838","-11,918"
20,Interest Expense,"6,665","5,581","3,182","3,017","5,683"
21,Net Interest Income,"-6,665","-5,581","-3,182","-3,017","-5,683"
22,EBIT,"-2,640","-3,808","4,469","-2,821","-6,544"
23,EBITDA,"3,533","1,865","10,278","2,637","-1,699"
24,Reconciled Cost of Revenue,"100,539","94,990","105,122","86,718","104,943"
25,Reconciled Depreciation,"6,173","5,673","5,809","5,458","4,845"
26,Net Income from Continuing Operation Net Minority Interest,"-6,918","-7,432","1,287","-5,838","-12,227"
27,Total Unusual Items Excluding Goodwill,-309,-,0,0,-309
28,Total Unusual Items,-309,-,0,0,-309
29,Normalized EBITDA,"3,533","1,865","10,278","2,637","-1,390"
30,Tax Rate for Calcs,0,0,0,0,0
31,Tax Effect of Unusual Items,0,0,0,0,0
32,Breakdown,3/31/2023,3/31/2022,3/31/2021,3/31/2020,
33,Total Assets,"196,981","183,261","201,680","210,652",
34,Total Liabilities Net Minority Interest,"197,584","177,397","203,102","207,242",
35,Total Equity Gross Minority Interest,-603,"5,864","-1,422","3,410",
36,Total Capitalization,"21,577","27,235","21,640","19,627",
37,Common Stock Equity,-603,"5,864","-1,422","3,410",
38,Capital Lease Obligations,"69,747","73,720","73,011","78,459",
39,Net Tangible Assets,"-7,602",-167,"-6,316","-1,532",
40,Working Capital,"-8,367","1,899","-2,882","-6,276",
41,Invested Capital,"81,600","72,521","77,987","77,726",
42,Tangible Book Value,"-7,602",-167,"-6,316","-1,532",
43,Total Debt,"151,950","140,377","152,420","152,775",
44,Net Debt,"80,941","64,644","77,602","73,751",
45,Share Issued,"18,831","18,513","18,329","17,971",
46,Ordinary Shares Number,"18,831","18,513","18,329","17,971",
