,Breakdown,ttm,12/31/2023,12/31/2022,12/31/2021,12/31/2020
0,Total Revenue,"18,565","18,565","114,038","89,147","-111,928"
1,Operating Expense,155.862,155.862,250.435,412.773,742.685
2,Pretax Income,"18,409","18,409","113,788","88,734","-112,671"
3,Net Income Common Stockholders,"18,409","18,409","113,788","88,734","-112,671"
4,Diluted NI Available to Com Stockholders,"18,409","18,409","113,788","88,734","-112,671"
5,Basic EPS,1.85,-,4.02,3.05,-3.74
6,Diluted EPS,1.85,-,4.02,3.05,-3.74
7,Basic Average Shares,"28,785",-,"28,305","29,093","30,126"
8,Diluted Average Shares,"28,785",-,"28,305","29,093","30,126"
9,Net Income from Continuing & Discontinued Operation,"18,409","18,409","113,788","88,734","-112,671"
10,Normalized Income,"18,409","18,409","113,788","88,734","-112,671"
11,Interest Income,0,0,-,-,-
12,Interest Expense,1.981,1.981,-,-,-
13,Net Interest Income,-1.981,-1.981,-,-,-
14,Net Income from Continuing Operation Net Minority Interest,"18,409","18,409","113,788","88,734","-112,671"
15,Tax Rate for Calcs,0,0,0,0,0
16,Tax Effect of Unusual Items,0,0,0,0,0
17,Breakdown,12/31/2023,12/31/2022,12/31/2021,12/31/2020,
18,Total Assets,"390,538","402,290","316,630","243,504",
19,Total Liabilities Net Minority Interest,"2,556","3,798","3,127","5,636",
20,Total Equity Gross Minority Interest,"387,982","398,493","313,503","237,868",
21,Total Capitalization,-,"398,576",-,-,
22,Common Stock Equity,"387,982","398,493","313,503","237,868",
23,Net Tangible Assets,"387,982","398,493","313,503","237,868",
24,Invested Capital,-,"398,576",-,-,
25,Tangible Book Value,"387,982","398,493","313,503","237,868",
26,Total Debt,-,83.281,-,-,
27,Net Debt,-,83.281,-,-,
28,Share Issued,"27,465","28,053","29,108","29,108",
29,Ordinary Shares Number,"27,465","28,053","29,108","29,108",
