,Breakdown,ttm,12/31/2022,12/31/2021,12/31/2020
0,Total Revenue,"316,883","298,422","239,027","207,125"
1,Cost of Revenue,"203,488","194,874","158,086","141,086"
2,Gross Profit,"113,394","103,547","80,941","66,039"
3,Operating Expense,"97,744","86,949","68,668","59,761"
4,Operating Income,"15,650","16,598","12,273","6,279"
5,Net Non Operating Interest Income Expense,"-5,020","-1,363","-1,433","-1,584"
6,Other Income Expense,"-23,302",-315,"2,258","-7,507"
7,Pretax Income,"-12,672","14,920","13,097","-2,813"
8,Tax Provision,"-2,867","3,659","2,640",-740.656
9,Net Income Common Stockholders,"-9,490","25,361","14,109","1,441"
10,Diluted NI Available to Com Stockholders,"-9,490","25,361","14,109","1,441"
11,Basic EPS,-0.87,2.43,1.36,0.14
12,Diluted EPS,-0.87,2.42,1.35,0.14
13,Basic Average Shares,"10,643","10,427","10,367","10,312"
14,Diluted Average Shares,"10,654","10,473","10,417","10,338"
15,Total Operating Income as Reported,"-7,652","16,283","14,530","-1,229"
16,Rent Expense Supplemental,"3,125","2,773","3,128","3,456"
17,Total Expenses,"301,233","281,824","226,755","200,847"
18,Net Income from Continuing & Discontinued Operation,"-9,490","25,361","14,109","1,441"
19,Normalized Income,"8,225","11,499","8,655","3,459"
20,Interest Expense,"5,020","1,363","1,433","1,584"
21,Net Interest Income,"-5,020","-1,363","-1,433","-1,584"
22,EBIT,"-7,652","16,283","14,530","-1,229"
23,EBITDA,-835.793,"20,336","18,229","3,632"
24,Reconciled Cost of Revenue,"203,488","194,874","158,086","141,086"
25,Reconciled Depreciation,"6,816","4,053","3,698","4,861"
26,Net Income from Continuing Operation Net Minority Interest,"-9,805","11,261","10,458","-2,072"
27,Total Unusual Items Excluding Goodwill,"-23,302",-315,"2,258","-7,507"
28,Total Unusual Items,"-23,302",-315,"2,258","-7,507"
29,Normalized EBITDA,"22,466","20,651","15,971","11,139"
30,Tax Rate for Calcs,0,0,0,0
31,Tax Effect of Unusual Items,"-5,272",-77.2511,455.0329,"-1,977"
32,Breakdown,12/31/2022,12/31/2021,12/31/2020,
33,Total Assets,"194,673","148,294","130,278",
34,Total Liabilities Net Minority Interest,"93,937","71,702","64,821",
35,Total Equity Gross Minority Interest,"100,737","76,592","65,458",
36,Total Capitalization,"163,407","112,480","97,467",
37,Common Stock Equity,"100,737","76,592","65,458",
38,Capital Lease Obligations,"4,891","4,582","6,447",
39,Net Tangible Assets,"-2,009","13,865","6,273",
40,Working Capital,"47,955","31,787","25,385",
41,Invested Capital,"167,407","116,042","100,092",
42,Tangible Book Value,"-2,009","13,865","6,273",
43,Total Debt,"71,561","44,032","41,081",
44,Net Debt,"66,670","39,338","34,634",
45,Share Issued,"10,774","10,427","10,330",
46,Ordinary Shares Number,"10,773","10,425","10,328",
47,Treasury Shares Number,1.845,1.845,1.235,
