,Breakdown,ttm,12/31/2022,12/31/2021,12/31/2020
0,Total Revenue,"14,406","-20,767","18,301","6,745"
1,Operating Expense,"2,064","1,836","1,739","1,682"
2,Pretax Income,"12,343","-22,603","16,562","5,064"
3,Net Income Common Stockholders,"12,343","-22,603","16,562","5,064"
4,Diluted NI Available to Com Stockholders,"12,343","-22,603","16,562","5,064"
5,Basic EPS,0.96,-1.79,1.31,0.39
6,Diluted EPS,0.96,-1.79,1.31,0.39
7,Basic Average Shares,"12,576","12,628","12,643","12,984"
8,Diluted Average Shares,"12,708","12,628","12,643","12,984"
9,Net Income from Continuing & Discontinued Operation,"12,343","-22,603","16,562","5,064"
10,Normalized Income,"12,343","-22,603","16,562","5,064"
11,Interest Income,"23,576","19,844","18,679","20,412"
12,Interest Expense,"4,105","2,502","1,178","1,710"
13,Net Interest Income,"19,471","17,342","17,501","18,702"
14,Net Income from Continuing Operation Net Minority Interest,"12,343","-22,603","16,562","5,064"
15,Tax Rate for Calcs,0,0,0,0
16,Tax Effect of Unusual Items,0,0,0,0
17,Breakdown,12/31/2022,12/31/2021,12/31/2020,
18,Total Assets,"299,858","337,734","326,363",
19,Total Liabilities Net Minority Interest,"140,327","144,366","136,463",
20,Total Equity Gross Minority Interest,"159,531","193,368","189,901",
21,Total Capitalization,"242,350","292,268","285,801",
22,Common Stock Equity,"159,531","193,368","189,901",
23,Net Tangible Assets,"159,531","193,368","189,901",
24,Invested Capital,"242,350","292,268","285,801",
25,Tangible Book Value,"159,531","193,368","189,901",
26,Total Debt,"82,820","98,900","95,900",
27,Net Debt,"66,692","97,371","83,293",
28,Share Issued,"12,708","12,708","12,708",
29,Ordinary Shares Number,"12,708","12,708","12,708",
