,Breakdown,ttm,12/31/2023,12/31/2022,12/31/2021,12/31/2020
0,Total Revenue,"85,513","85,513","-65,231","75,841","45,288"
1,Operating Expense,"2,201","2,201","1,424","1,001","1,499"
2,Pretax Income,"83,312","83,312","-66,655","74,840","43,790"
3,Net Income Common Stockholders,"83,312","83,312","-66,655","74,840","43,790"
4,Diluted NI Available to Com Stockholders,"83,312","83,312","-66,655","74,840","43,790"
5,Basic EPS,0.96,-,-0.62,0.73,0.43
6,Diluted EPS,0.96,-,-0.62,0.73,0.43
7,Basic Average Shares,"106,540",-,"107,508","102,521","101,836"
8,Diluted Average Shares,"106,540",-,"107,508","102,521","101,836"
9,Net Income from Continuing & Discontinued Operation,"83,312","83,312","-66,655","74,840","43,790"
10,Normalized Income,"83,312","83,312","-66,655","74,840","43,790"
11,Interest Income,0,0,-,-,-
12,Interest Expense,11.998,11.998,-,-,-
13,Net Interest Income,-11.998,-11.998,-,-,-
14,Net Income from Continuing Operation Net Minority Interest,"83,312","83,312","-66,655","74,840","43,790"
15,Tax Rate for Calcs,0,0,0,0,0
16,Tax Effect of Unusual Items,0,0,0,0,0
17,Breakdown,12/31/2023,12/31/2022,12/31/2021,12/31/2020,
18,Total Assets,"634,224","600,329","719,797","685,991",
19,Total Liabilities Net Minority Interest,"11,742","6,858","10,287","9,042",
20,Total Equity Gross Minority Interest,"622,482","593,471","709,510","676,949",
21,Common Stock Equity,"622,482","593,471","709,510","676,949",
22,Net Tangible Assets,"622,482","593,471","709,510","676,949",
23,Tangible Book Value,"622,482","593,471","709,510","676,949",
24,Share Issued,"100,272","102,746","104,238","104,238",
25,Ordinary Shares Number,"100,272","102,746","104,238","104,238",
