,Breakdown,ttm,12/31/2022,12/31/2021,12/31/2020
0,Total Revenue,"153,504","149,002","137,834","142,136"
1,Pretax Income,"57,117","54,845","48,628","41,651"
2,Tax Provision,"12,265","11,288","9,329","8,407"
3,Net Income Common Stockholders,"44,852","43,557","39,299","33,244"
4,Diluted NI Available to Com Stockholders,"44,852","43,557","39,299","33,244"
5,Basic EPS,3.14,2.90,2.63,2.18
6,Diluted EPS,3.12,2.88,2.61,2.18
7,Basic Average Shares,"15,120","15,040","14,969","15,246"
8,Diluted Average Shares,"15,179","15,112","15,045","15,272"
9,Net Income from Continuing & Discontinued Operation,"44,852","43,557","39,299","33,244"
10,Normalized Income,"45,217","43,776","43,255","38,927"
11,Interest Income,"174,182","126,526","110,804","126,104"
12,Interest Expense,"56,507","12,845","15,231","26,924"
13,Net Interest Income,"117,675","113,681","95,573","99,180"
14,Reconciled Depreciation,932,"5,175","5,536","5,796"
15,Net Income from Continuing Operation Net Minority Interest,"44,852","43,557","39,299","33,244"
16,Total Unusual Items Excluding Goodwill,-465,-276,"-4,896","-7,120"
17,Total Unusual Items,-465,-276,"-4,896","-7,120"
18,Tax Rate for Calcs,0,0,0,0
19,Tax Effect of Unusual Items,-99.8516,-56.8008,-939.5424,"-1,437"
20,Breakdown,12/31/2022,12/31/2021,12/31/2020,
21,Total Assets,"3,909,803","3,709,233","3,724,275",
22,Total Liabilities Net Minority Interest,"3,516,353","3,285,086","3,317,210",
23,Total Equity Gross Minority Interest,"393,450","424,147","407,065",
24,Total Capitalization,"456,327","507,869","649,633",
25,Common Stock Equity,"393,450","424,147","407,065",
26,Net Tangible Assets,"268,172","297,937","279,918",
27,Invested Capital,"787,696","602,671","743,088",
28,Tangible Book Value,"268,172","297,937","279,918",
29,Total Debt,"394,246","178,524","336,023",
30,Net Debt,"301,951",-,"110,016",
31,Share Issued,"16,428","16,428","16,428",
32,Ordinary Shares Number,"15,083","15,001","14,916",
33,Treasury Shares Number,"1,346","1,427","1,512",
