,Breakdown,ttm,12/31/2022,12/31/2021,12/31/2020
0,Total Revenue,"733,431","669,585","427,542","226,974"
1,Cost of Revenue,"535,085","476,253","322,023","218,460"
2,Gross Profit,"198,346","193,332","105,519","8,514"
3,Operating Expense,"130,442","125,053","105,120","98,514"
4,Operating Income,"67,904","68,279",399,"-90,000"
5,Net Non Operating Interest Income Expense,"-81,518","-49,489","-30,853","-44,928"
6,Other Income Expense,"1,240","4,601","-1,133","5,845"
7,Pretax Income,"-12,374","23,391","-31,587","-129,083"
8,Tax Provision,"1,324","4,043","1,324","-4,406"
9,Net Income Common Stockholders,"-62,081","-16,361","-39,861","-115,279"
10,Average Dilution Earnings,-,"5,598",-,-
11,Diluted NI Available to Com Stockholders,"-56,483","-10,763","-39,861","-115,279"
12,Basic EPS,-0.82,-0.15,-0.76,-3.39
13,Diluted EPS,-0.82,-0.15,-0.76,-3.39
14,Basic Average Shares,"68,785","69,687","52,684","33,998"
15,Diluted Average Shares,"68,785","69,687","52,684","33,998"
16,Total Operating Income as Reported,"67,904","68,393","1,449","-79,851"
17,Total Expenses,"665,527","601,306","427,143","316,974"
18,Net Income from Continuing & Discontinued Operation,"-11,070","17,761","-26,664","-105,262"
19,Normalized Income,"-12,089","13,684","-26,021","-116,068"
20,Interest Income,"7,134","2,677",48,176
21,Interest Expense,"88,652","52,166","30,901","45,104"
22,Net Interest Income,"-81,518","-49,489","-30,853","-44,928"
23,EBIT,"76,278","75,557",-686,"-83,979"
24,EBITDA,"165,049","154,153","73,588","-9,774"
25,Reconciled Cost of Revenue,"534,611","475,779","321,511","217,626"
26,Reconciled Depreciation,"88,771","78,596","74,274","74,205"
27,Net Income from Continuing Operation Net Minority Interest,"-11,070","17,761","-26,664","-105,262"
28,Total Unusual Items Excluding Goodwill,"1,290","4,929",-881,"11,188"
29,Total Unusual Items,"1,290","4,929",-881,"11,188"
30,Normalized EBITDA,"163,759","149,224","74,469","-20,962"
31,Tax Rate for Calcs,0,0,0,0
32,Tax Effect of Unusual Items,270.9,851.9493,-237.87,381.8809
33,Breakdown,12/31/2022,12/31/2021,12/31/2020,
34,Total Assets,"2,397,714","1,879,522","1,674,021",
35,Total Liabilities Net Minority Interest,"1,571,712","1,355,657","1,278,247",
36,Total Equity Gross Minority Interest,"826,002","523,865","395,774",
37,Total Capitalization,"2,135,923","1,677,005","1,513,801",
38,Preferred Stock Equity,"391,700","105,496","106,965",
39,Common Stock Equity,"410,093","398,831","276,242",
40,Capital Lease Obligations,"60,692","60,937","60,917",
41,Net Tangible Assets,"797,910","500,066","378,567",
42,Working Capital,"252,726","223,213","78,266",
43,Invested Capital,"1,744,223","1,571,509","1,406,836",
44,Tangible Book Value,"406,210","394,570","271,602",
45,Total Debt,"1,394,822","1,233,615","1,191,511",
46,Net Debt,"1,072,589","956,680","1,051,988",
47,Share Issued,"69,919","65,365","38,275",
48,Ordinary Shares Number,"69,919","65,365","38,275",
49,Preferred Shares Number,"4,678","1,600","6,631",
