,Breakdown,ttm,7/31/2023,8/31/2021,8/31/2020
0,Total Revenue,-683.939,-683.939,"1,533",602.56
1,Operating Expense,127.69,127.69,89.074,144.926
2,Pretax Income,-811.629,-811.629,"1,444",457.634
3,Net Income Common Stockholders,-811.629,-811.629,"1,444",457.634
4,Diluted NI Available to Com Stockholders,-811.629,-811.629,"1,444",457.634
5,Basic EPS,-0.50,-,0.90,0.29
6,Diluted EPS,-0.50,-,0.90,0.29
7,Basic Average Shares,"1,623",-,"1,604","1,578"
8,Diluted Average Shares,"1,623",-,"1,604","1,578"
9,Net Income from Continuing & Discontinued Operation,-811.629,-811.629,"1,444",457.634
10,Normalized Income,-811.629,-811.629,"1,444",457.634
11,Interest Income,"1,316","1,316","1,392","1,529"
12,Interest Expense,489.668,489.668,158.394,232.034
13,Net Interest Income,825.862,825.862,"1,234","1,297"
14,Net Income from Continuing Operation Net Minority Interest,-811.629,-811.629,"1,444",457.634
15,Tax Rate for Calcs,0,0,0,0
16,Tax Effect of Unusual Items,0,0,0,0
17,Breakdown,7/31/2023,8/31/2021,8/31/2020,
18,Total Assets,"34,650","41,900","41,294",
19,Total Liabilities Net Minority Interest,"14,694","16,574","16,567",
20,Total Equity Gross Minority Interest,"19,956","25,326","24,728",
21,Total Capitalization,"19,959",-,"24,755",
22,Common Stock Equity,"19,956","25,326","24,728",
23,Net Tangible Assets,"19,956","25,326","24,728",
24,Invested Capital,"19,959",-,"24,755",
25,Tangible Book Value,"19,956","25,326","24,728",
26,Total Debt,2.314,-,27.244,
27,Net Debt,2.314,-,27.244,
28,Share Issued,"1,605","1,610","1,608",
29,Ordinary Shares Number,"1,605","1,610","1,608",
