,Breakdown,ttm,1/31/2023,1/31/2022,1/31/2021
0,Total Revenue,"4,832,728","5,468,329","6,150,603","6,199,186"
1,Cost of Revenue,"3,129,659","3,554,826","3,753,596","3,701,800"
2,Gross Profit,"1,703,069","1,913,503","2,397,007","2,497,386"
3,Operating Expense,"2,285,011","2,175,003","2,157,254","2,103,891"
4,Operating Income,"-581,942","-261,500","239,753","393,495"
5,Net Non Operating Interest Income Expense,"-41,286","-20,280","-9,281","-11,031"
6,Other Income Expense,"210,312","1,363","1,339","462,142"
7,Pretax Income,"-412,916","-280,417","231,811","844,606"
8,Tax Provision,"50,714","-69,709","54,033","215,415"
9,Net Income Common Stockholders,"-463,630","-210,708","177,778","629,191"
10,Diluted NI Available to Com Stockholders,"-463,630","-210,708","177,778","629,191"
11,Basic EPS,-15.91,-7.30,5.43,16.46
12,Diluted EPS,-15.91,-7.30,5.33,16.11
13,Basic Average Shares,"29,088","28,860","32,723","38,233"
14,Diluted Average Shares,"29,088","28,860","33,355","39,067"
15,Total Operating Income as Reported,"-371,639","-261,500","239,753","856,548"
16,Total Expenses,"5,414,670","5,729,829","5,910,850","5,805,691"
17,Net Income from Continuing & Discontinued Operation,"-463,630","-210,708","177,778","629,191"
18,Normalized Income,"-629,769","-210,708","177,778","284,217"
19,Interest Expense,"41,286","20,280","9,281","11,031"
20,Net Interest Income,"-41,286","-20,280","-9,281","-11,031"
21,EBIT,"-371,630","-260,137","241,092","855,637"
22,EBITDA,"-215,141","-103,710","384,805","994,485"
23,Reconciled Cost of Revenue,"3,127,207","3,553,258","3,752,455","3,701,288"
24,Reconciled Depreciation,"156,489","156,427","143,713","138,848"
25,Net Income from Continuing Operation Net Minority Interest,"-463,630","-210,708","177,778","629,191"
26,Total Unusual Items Excluding Goodwill,"210,303",0,0,"463,053"
27,Total Unusual Items,"210,303",0,0,"463,053"
28,Normalized EBITDA,"-425,444","-103,710","384,805","531,432"
29,Tax Rate for Calcs,0,0,0,0
30,Tax Effect of Unusual Items,"44,164",0,0,"118,079"
31,Breakdown,1/31/2023,1/31/2022,1/31/2021,
32,Total Assets,"3,690,931","3,927,253","4,037,257",
33,Total Liabilities Net Minority Interest,"2,927,024","2,919,890","2,759,526",
34,Total Equity Gross Minority Interest,"763,907","1,007,363","1,277,731",
35,Total Capitalization,"1,065,307","1,010,863","1,313,495",
36,Common Stock Equity,"763,907","1,007,363","1,277,731",
37,Capital Lease Obligations,"1,768,118","1,812,857","1,694,698",
38,Net Tangible Assets,"763,907","1,007,363","1,277,731",
39,Working Capital,"365,460","286,381","585,165",
40,Invested Capital,"1,065,307","1,010,863","1,327,995",
41,Tangible Book Value,"763,907","1,007,363","1,277,731",
42,Total Debt,"2,069,518","1,816,357","1,744,962",
43,Net Debt,"256,670",-,-,
44,Share Issued,"117,495","117,495","117,495",
45,Ordinary Shares Number,"28,959","28,476","35,535",
46,Treasury Shares Number,"88,536","89,019","81,960",
