,Breakdown,ttm,7/31/2023,4/30/2022,4/30/2021,4/30/2020
0,Total Revenue,-835.434,-835.434,"-35,263","45,774","-2,028"
1,Operating Expense,811.137,811.137,961.872,996.825,970.658
2,Pretax Income,"-1,647","-1,647","-36,224","44,777","-2,999"
3,Net Income Common Stockholders,"-1,647","-1,647","-36,224","44,777","-2,999"
4,Diluted NI Available to Com Stockholders,"-1,647","-1,647","-36,224","44,777","-2,999"
5,Basic EPS,-0.07,-,-2.10,2.61,-0.17
6,Diluted EPS,-0.07,-,-2.10,2.61,-0.17
7,Basic Average Shares,"17,439",-,"17,250","17,156","17,639"
8,Diluted Average Shares,"17,439",-,"17,250","17,156","17,639"
9,Net Income from Continuing & Discontinued Operation,"-1,647","-1,647","-36,224","44,777","-2,999"
10,Normalized Income,"-1,647","-1,647","-36,224","44,777","-2,999"
11,Interest Income,"16,779","16,779","16,963","18,156","18,638"
12,Interest Expense,"5,665","5,665","1,687","1,688","3,855"
13,Net Interest Income,"11,114","11,114","15,275","16,468","14,783"
14,Net Income from Continuing Operation Net Minority Interest,"-1,647","-1,647","-36,224","44,777","-2,999"
15,Tax Rate for Calcs,0,0,0,0,0
16,Tax Effect of Unusual Items,0,0,0,0,0
17,Breakdown,7/31/2023,4/30/2022,4/30/2021,4/30/2020,
18,Total Assets,"365,895","419,330","469,143","440,590",
19,Total Liabilities Net Minority Interest,"135,518","181,685","181,739","184,706",
20,Total Equity Gross Minority Interest,"230,377","237,646","287,404","255,884",
21,Total Capitalization,"230,426",-,-,-,
22,Common Stock Equity,"230,377","237,646","287,404","255,884",
23,Net Tangible Assets,"230,377","237,646","287,404","255,884",
24,Invested Capital,"230,426",-,-,-,
25,Tangible Book Value,"230,377","237,646","287,404","255,884",
26,Total Debt,48.263,-,-,-,
27,Net Debt,48.263,-,-,-,
28,Share Issued,"17,439","17,233","17,202","17,186",
29,Ordinary Shares Number,"17,439","17,233","17,202","17,186",
30,Preferred Shares Number,1.259,-,-,-,
