,Breakdown,ttm,12/31/2022,12/31/2021,12/31/2020
0,Total Revenue,"43,450","50,951","45,364","44,139"
1,Cost of Revenue,"33,364","41,107","29,103","26,109"
2,Gross Profit,"10,086","9,844","16,261","18,030"
3,Operating Expense,"19,375","20,925","17,457","17,036"
4,Operating Income,"-9,289","-11,081","-1,196",994
5,Net Non Operating Interest Income Expense,-86,-144,-53,-8
6,Other Income Expense,"-1,597",-408,-265,-789
7,Pretax Income,"-10,972","-11,633","-1,514",197
8,Tax Provision,3,0,187,3
9,Net Income Common Stockholders,"-10,975","-11,633","-1,701",194
10,Diluted NI Available to Com Stockholders,"-10,975","-11,633","-1,701",194
11,Basic EPS,-1.03,-3.45,-0.55,0.10
12,Diluted EPS,-1.03,-3.45,-0.55,0.10
13,Basic Average Shares,"3,402","3,382","2,988","2,511"
14,Diluted Average Shares,"3,402","3,382","2,988","2,512"
15,Total Operating Income as Reported,"-9,289","-11,081","-1,196",994
16,Total Expenses,"52,739","62,032","46,560","43,145"
17,Net Income from Continuing & Discontinued Operation,"-10,975","-11,633","-1,701",194
18,Normalized Income,"-10,073","-11,321","-1,570",806.56
19,Interest Expense,-,144,53,8
20,Net Interest Income,-86,-144,-53,-8
21,EBIT,"-10,621","-11,081","-1,196",994
22,EBITDA,"-9,199","-9,658",198,"2,338"
23,Reconciled Cost of Revenue,"33,364","41,107","29,103","26,109"
24,Reconciled Depreciation,"1,422","1,423","1,394","1,344"
25,Net Income from Continuing Operation Net Minority Interest,"-10,975","-11,633","-1,701",194
26,Total Unusual Items Excluding Goodwill,"-1,504",-312,-179,-620
27,Total Unusual Items,"-1,504",-312,-179,-620
28,Normalized EBITDA,"-7,695","-9,346",377,"2,958"
29,Tax Rate for Calcs,0,0,0,0
30,Tax Effect of Unusual Items,-601.6,0,-48.33,-7.44
31,Breakdown,12/31/2022,12/31/2021,12/31/2020,
32,Total Assets,"48,832","50,385","38,594",
33,Total Liabilities Net Minority Interest,"28,697","17,767","14,966",
34,Total Equity Gross Minority Interest,"20,135","32,618","23,628",
35,Total Capitalization,"20,464","33,223","23,875",
36,Common Stock Equity,"20,135","32,618","23,628",
37,Capital Lease Obligations,"2,270","2,716","3,227",
38,Net Tangible Assets,"20,135","32,618","23,628",
39,Working Capital,"13,247","25,234","16,249",
40,Invested Capital,"26,595","34,960","23,957",
41,Tangible Book Value,"20,135","32,618","23,628",
42,Total Debt,"8,730","5,058","3,556",
43,Net Debt,"4,542",-,-,
44,Share Issued,"3,687","3,660","2,792",
45,Ordinary Shares Number,"3,397","3,370","2,502",
46,Treasury Shares Number,290.08,290.08,290.08,
