,Breakdown,ttm,8/31/2021,8/31/2020
0,Total Revenue,"-6,999","37,325","8,209"
1,Operating Expense,571.639,320.12,188.923
2,Pretax Income,"-7,479","36,817","7,905"
3,Net Income Common Stockholders,"-7,479","36,817","7,905"
4,Diluted NI Available to Com Stockholders,"-7,479","36,817","7,905"
5,Basic EPS,1.13,1.13,0.33
6,Diluted EPS,1.13,1.13,0.33
7,Basic Average Shares,"48,654","48,654","23,953"
8,Diluted Average Shares,"48,654","48,654","23,953"
9,Net Income from Continuing & Discontinued Operation,"-7,479","36,817","7,905"
10,Normalized Income,"-7,571","36,954","7,989"
11,Interest Income,"40,540","30,737","24,002"
12,Interest Expense,"3,947","2,862","3,518"
13,Net Interest Income,"36,594","27,875","20,484"
14,Net Income from Continuing Operation Net Minority Interest,"-7,479","36,817","7,905"
15,Total Unusual Items Excluding Goodwill,91.285,-188.46,-115.913
16,Total Unusual Items,91.285,-188.46,-115.913
17,Tax Rate for Calcs,0,0,0
18,Tax Effect of Unusual Items,0,-50.8842,-31.2965
19,Breakdown,8/31/2021,8/31/2020,
20,Total Assets,"1,212,370","575,605",
21,Total Liabilities Net Minority Interest,"473,857","227,277",
22,Total Equity Gross Minority Interest,"738,513","348,328",
23,Total Capitalization,-,"348,607",
24,Common Stock Equity,"738,513","348,328",
25,Net Tangible Assets,"738,513","348,328",
26,Invested Capital,-,"348,607",
27,Tangible Book Value,"738,513","348,328",
28,Total Debt,-,279.236,
29,Net Debt,-,279.236,
30,Share Issued,"48,654","23,553",
31,Ordinary Shares Number,"48,654","23,553",
