,Breakdown,ttm,12/31/2022,12/31/2021,12/31/2020
0,Total Revenue,"220,981","146,136","100,900","99,657"
1,Pretax Income,"150,798","92,040","62,697","63,593"
2,Net Income Common Stockholders,"150,798","92,040","62,697","63,593"
3,Diluted NI Available to Com Stockholders,"150,798","92,040","62,697","63,593"
4,Basic EPS,4.14,2.54,1.62,1.60
5,Diluted EPS,4.14,2.54,1.62,1.60
6,Basic Average Shares,"36,428","36,304","38,796","39,656"
7,Diluted Average Shares,"36,428","36,304","38,796","39,656"
8,Rent Expense Supplemental,-,717,562,575
9,Net Income from Continuing & Discontinued Operation,"150,798","92,040","62,697","63,593"
10,Normalized Income,"150,798","92,040","62,155","63,377"
11,Interest Income,"616,212","332,621","140,883","180,973"
12,Interest Expense,"399,161","184,610","54,101","88,523"
13,Net Interest Income,"217,051","148,011","86,782","92,450"
14,Reconciled Depreciation,"2,968","2,715","3,491","4,340"
15,Net Income from Continuing Operation Net Minority Interest,"150,798","92,040","62,697","63,593"
16,Total Unusual Items Excluding Goodwill,0,0,742,296
17,Total Unusual Items,0,0,742,296
18,Tax Rate for Calcs,0,0,0,0
19,Tax Effect of Unusual Items,0,0,200.34,79.92
20,Breakdown,12/31/2022,12/31/2021,12/31/2020,
21,Total Assets,"9,283,910","8,038,111","6,288,898",
22,Total Liabilities Net Minority Interest,"8,214,563","7,046,321","5,250,978",
23,Total Equity Gross Minority Interest,"1,069,347","991,790","1,037,920",
24,Total Capitalization,"3,291,633","2,713,910","2,623,256",
25,Common Stock Equity,"1,069,347","991,790","1,037,920",
26,Capital Lease Obligations,"16,745","17,733","18,799",
27,Net Tangible Assets,"1,067,243","990,195","1,035,936",
28,Invested Capital,"5,485,858","4,295,968","3,004,191",
29,Tangible Book Value,"1,067,243","990,195","1,035,936",
30,Total Debt,"4,433,256","3,321,911","1,985,070",
31,Net Debt,"3,174,925","2,051,126","1,102,459",
32,Share Issued,"36,325","40,972","39,678",
33,Ordinary Shares Number,"36,325","36,231","39,678",
34,Treasury Shares Number,-,"5,749",-,
