,Breakdown,ttm,12/31/2023,12/31/2022,12/31/2021,12/31/2020
0,Total Revenue,"20,411","20,411","-25,971","59,661","80,092"
1,Operating Expense,393.597,393.597,500.13,541.459,531.493
2,Pretax Income,"20,017","20,017","-26,471","59,119","79,560"
3,Net Income Common Stockholders,"20,017","20,017","-26,471","59,119","79,560"
4,Diluted NI Available to Com Stockholders,"20,017","20,017","-26,471","59,119","79,560"
5,Basic EPS,3.44,-,-2.10,4.74,6.87
6,Diluted EPS,3.44,-,-2.10,4.74,6.87
7,Basic Average Shares,"13,003",-,"12,605","12,472","11,581"
8,Diluted Average Shares,"13,944",-,"12,605","12,472","11,581"
9,Net Income from Continuing & Discontinued Operation,"20,017","20,017","-26,471","59,119","79,560"
10,Normalized Income,"20,017","20,017","-26,471","59,119","79,560"
11,Interest Income,0,0,-,-,0
12,Interest Expense,0.055,0.055,-,-,-
13,Net Interest Income,-0.055,-0.055,-,-,0
14,Net Income from Continuing Operation Net Minority Interest,"20,017","20,017","-26,471","59,119","79,560"
15,Tax Rate for Calcs,0,0,0,0,0
16,Tax Effect of Unusual Items,0,0,0,0,0
17,Breakdown,12/31/2023,12/31/2022,12/31/2021,12/31/2020,
18,Total Assets,"596,104","606,130","648,813","554,553",
19,Total Liabilities Net Minority Interest,"7,969","5,933","23,038","8,616",
20,Total Equity Gross Minority Interest,"588,135","600,197","625,775","545,936",
21,Total Capitalization,"588,196","600,200",-,-,
22,Common Stock Equity,"588,135","600,197","625,775","545,936",
23,Net Tangible Assets,"588,135","600,197","625,775","545,936",
24,Invested Capital,"588,196","600,200",-,-,
25,Tangible Book Value,"588,135","600,197","625,775","545,936",
26,Total Debt,60.686,2.92,-,-,
27,Net Debt,60.152,2.92,-,-,
28,Share Issued,"13,944","13,861","13,047","11,956",
29,Ordinary Shares Number,"13,944","13,861","13,047","11,956",
