,Breakdown,ttm,7/31/2023,7/31/2022,7/31/2021,7/31/2020
0,Total Revenue,"-1,139","-1,139","-52,817","17,826","7,567"
1,Operating Expense,321.038,321.038,318.148,325.8,251.057
2,Pretax Income,"-1,460","-1,460","-53,136","17,381","7,282"
3,Net Income Common Stockholders,"-1,460","-1,460","-53,136","17,381","7,282"
4,Diluted NI Available to Com Stockholders,"-1,460","-1,460","-53,136","17,381","7,282"
5,Basic EPS,-0.03,-,-2.16,0.94,0.56
6,Diluted EPS,-0.03,-,-2.16,0.94,0.56
7,Basic Average Shares,"24,318",-,"24,600","18,490","13,003"
8,Diluted Average Shares,"24,318",-,"24,600","18,490","13,003"
9,Net Income from Continuing & Discontinued Operation,"-1,460","-1,460","-53,136","17,381","7,282"
10,Normalized Income,"-1,460","-1,460","-53,136","17,468","7,307"
11,Interest Income,"19,410","19,410","20,151","15,162","12,436"
12,Interest Expense,"6,853","6,853","2,573","1,442","2,335"
13,Net Interest Income,"12,557","12,557","17,578","13,720","10,101"
14,Net Income from Continuing Operation Net Minority Interest,"-1,460","-1,460","-53,136","17,381","7,282"
15,Total Unusual Items Excluding Goodwill,-,-,-,-119.568,-34.673
16,Total Unusual Items,-,-,-,-119.568,-34.673
17,Tax Rate for Calcs,0,0,0,0,0
18,Tax Effect of Unusual Items,0,0,0,-32.2834,-9.3617
19,Breakdown,7/31/2023,7/31/2022,7/31/2021,7/31/2020,
20,Total Assets,"480,537","536,178","630,438","333,907",
21,Total Liabilities Net Minority Interest,"187,580","227,870","253,793","138,062",
22,Total Equity Gross Minority Interest,"292,957","308,308","376,645","195,844",
23,Total Capitalization,"292,998",-,-,-,
24,Common Stock Equity,"292,957","308,308","376,645","195,844",
25,Net Tangible Assets,"292,957","308,308","376,645","195,844",
26,Invested Capital,"292,998",-,-,-,
27,Tangible Book Value,"292,957","308,308","376,645","195,844",
28,Total Debt,41.876,-,-,-,
29,Net Debt,41.876,-,-,-,
30,Share Issued,"24,318","24,638","24,614","12,976",
31,Ordinary Shares Number,"24,318","24,638","24,614","12,976",
