,Breakdown,ttm,12/31/2023,12/31/2022,12/31/2021,12/31/2020
0,Total Revenue,"97,388","97,388","-108,585","119,890","42,862"
1,Operating Expense,408.199,408.199,97.296,-210.509,296.423
2,Pretax Income,"96,980","96,980","-108,682","120,100","42,566"
3,Net Income Common Stockholders,"96,980","96,980","-108,682","120,100","42,566"
4,Diluted NI Available to Com Stockholders,"96,980","96,980","-108,682","120,100","42,566"
5,Basic EPS,1.18,-,-1.67,1.88,0.72
6,Diluted EPS,1.18,-,-1.67,1.88,0.72
7,Basic Average Shares,"63,769",-,"65,079","63,883","59,120"
8,Diluted Average Shares,"63,769",-,"65,079","63,883","59,120"
9,Net Income from Continuing & Discontinued Operation,"96,980","96,980","-108,682","120,100","42,566"
10,Normalized Income,"96,980","96,980","-108,682","120,100","42,566"
11,Interest Income,0,0,-,-,883.954
12,Interest Expense,12.51,12.51,-,-,-
13,Net Interest Income,-12.51,-12.51,-,-,883.954
14,Net Income from Continuing Operation Net Minority Interest,"96,980","96,980","-108,682","120,100","42,566"
15,Tax Rate for Calcs,0,0,0,0,0
16,Tax Effect of Unusual Items,0,0,0,0,0
17,Breakdown,12/31/2023,12/31/2022,12/31/2021,12/31/2020,
18,Total Assets,"739,232","694,600","869,501","798,064",
19,Total Liabilities Net Minority Interest,"12,743","6,136","11,780","11,834",
20,Total Equity Gross Minority Interest,"726,489","688,464","857,721","786,230",
21,Total Capitalization,-,-,-,"787,603",
22,Common Stock Equity,"726,489","688,464","857,721","786,230",
23,Net Tangible Assets,"726,489","688,464","857,721","786,230",
24,Invested Capital,-,-,-,"787,603",
25,Tangible Book Value,"726,489","688,464","857,721","786,230",
26,Total Debt,-,-,-,"1,373",
27,Net Debt,-,-,-,"1,367",
28,Share Issued,"61,526","62,740","64,025","64,044",
29,Ordinary Shares Number,"61,526","62,740","64,025","64,044",
