,Breakdown,ttm,12/31/2022,12/31/2021,12/31/2020
0,Total Revenue,"364,300","443,800","245,300","307,500"
1,Cost of Revenue,"124,600","116,500","119,600","117,900"
2,Gross Profit,"239,700","327,300","125,700","189,600"
3,Operating Expense,"253,500","301,700","215,200","319,500"
4,Operating Income,"-13,800","25,600","-89,500","-129,900"
5,Net Non Operating Interest Income Expense,"-155,200","-168,900","-111,900","-97,000"
6,Other Income Expense,"-129,300","-131,100","18,100","-74,500"
7,Pretax Income,"-298,300","-274,400","-183,300","-301,400"
8,Tax Provision,"19,300","18,400","9,700","16,200"
9,Net Income Common Stockholders,"-317,600","-292,800","-193,000","-317,600"
10,Diluted NI Available to Com Stockholders,"-317,600","-292,800","-193,000","-317,600"
11,Basic EPS,0.01,-1.64,-1.43,-4.22
12,Diluted EPS,0.01,-1.64,-1.43,-4.22
13,Basic Average Shares,"238,731","178,405","134,726","75,177"
14,Diluted Average Shares,"238,731","178,405","134,726","75,177"
15,Total Operating Income as Reported,"-144,400","-101,900","-88,300","-188,000"
16,Total Expenses,"378,100","418,200","334,800","437,400"
17,Net Income from Continuing & Discontinued Operation,"-317,600","-292,800","-193,000","-317,600"
18,Normalized Income,"-237,740","-188,046","-191,752","-252,080"
19,Interest Income,"4,700","5,400",0,200
20,Interest Expense,"116,800","125,400","92,900","87,400"
21,Net Interest Income,"-155,200","-168,900","-111,900","-97,000"
22,EBIT,"-181,500","-149,000","-90,400","-214,000"
23,EBITDA,"-56,900","-32,500","29,200","-96,100"
24,Reconciled Cost of Revenue,"124,600","116,500","119,600","117,900"
25,Reconciled Depreciation,"124,600","116,500","119,600","117,900"
26,Net Income from Continuing Operation Net Minority Interest,"-317,600","-292,800","-193,000","-317,600"
27,Total Unusual Items Excluding Goodwill,"-133,100","-134,300","-1,600","-84,000"
28,Total Unusual Items,"-133,100","-134,300","-1,600","-84,000"
29,Normalized EBITDA,"76,200","101,800","30,800","-12,100"
30,Tax Rate for Calcs,0,0,0,0
31,Tax Effect of Unusual Items,"-53,240","-29,546",-352,"-18,480"
32,Breakdown,12/31/2022,12/31/2021,12/31/2020,
33,Total Assets,"3,001,700","3,080,300","3,171,100",
34,Total Liabilities Net Minority Interest,"2,103,900","2,190,400","2,134,300",
35,Total Equity Gross Minority Interest,"897,800","889,900","1,036,800",
36,Total Capitalization,"2,088,900","2,805,800","2,943,000",
37,Common Stock Equity,"897,800","889,900","1,036,800",
38,Capital Lease Obligations,500,700,"3,100",
39,Net Tangible Assets,"897,800","889,900","1,036,800",
40,Working Capital,"-395,700","58,300","44,800",
41,Invested Capital,"2,534,800","2,805,800","2,943,000",
42,Tangible Book Value,"897,800","889,900","1,036,800",
43,Total Debt,"1,637,500","1,916,600","1,909,300",
44,Net Debt,"1,529,000","1,881,000","1,887,000",
45,Share Issued,"229,264","137,218","110,159",
46,Ordinary Shares Number,"228,948","136,812","109,429",
47,Treasury Shares Number,315.511,406.333,729.857,
