,Breakdown,ttm,1/31/2023,1/31/2022,1/31/2021
0,Total Revenue,"967,759","990,874","874,332","770,770"
1,Cost of Revenue,"256,222","252,556","249,484","224,738"
2,Gross Profit,"711,537","738,318","624,848","546,032"
3,Operating Expense,"694,573","701,478","652,474","583,674"
4,Operating Income,"16,964","36,840","-27,626","-37,642"
5,Net Non Operating Interest Income Expense,"-7,798","-2,433","-9,838","-4,584"
6,Other Income Expense,-,-,-,"2,426"
7,Pretax Income,"9,166","34,407","-37,464","-42,226"
8,Tax Provision,"7,237","7,624","3,995","1,207"
9,Net Income Common Stockholders,"-15,208","8,567","-53,878","-43,433"
10,Diluted NI Available to Com Stockholders,"-15,208","8,567","-53,878","-43,433"
11,Basic EPS,0.21,0.06,-0.35,-0.28
12,Diluted EPS,0.21,0.06,-0.35,-0.28
13,Basic Average Shares,"144,111","143,592","155,598","155,849"
14,Diluted Average Shares,"154,502","150,192","155,598","155,849"
15,Total Operating Income as Reported,"16,964","36,840","-27,626","-37,642"
16,Total Expenses,"950,795","954,034","901,958","808,412"
17,Net Income from Continuing & Discontinued Operation,"1,929","26,783","-41,459","-43,433"
18,Normalized Income,"1,929","26,783","-41,459","-43,433"
19,Interest Expense,"7,798",-,"9,838","7,010"
20,Net Interest Income,"-7,798","-2,433","-9,838","-4,584"
21,EBIT,"16,964","36,840","-27,626","-37,642"
22,EBITDA,"89,494","102,828","50,608","37,836"
23,Reconciled Cost of Revenue,"256,222","252,556","249,484","224,738"
24,Reconciled Depreciation,"72,530","65,988","78,234","75,478"
25,Net Income from Continuing Operation Net Minority Interest,"1,929","26,783","-41,459","-43,433"
26,Normalized EBITDA,"89,494","102,828","50,608","37,836"
27,Tax Rate for Calcs,0,0,0,0
28,Tax Effect of Unusual Items,0,0,0,0
29,Breakdown,1/31/2023,1/31/2022,1/31/2021,
30,Total Assets,"1,207,165","1,392,009","1,351,682",
31,Total Liabilities Net Minority Interest,"1,731,016","1,787,096","1,200,617",
32,Total Equity Gross Minority Interest,"-523,851","-395,087","151,065",
33,Total Capitalization,"-154,500","-27,624","448,679",
34,Preferred Stock Equity,-,"487,880",-,
35,Common Stock Equity,"-523,851","-395,087","151,065",
36,Capital Lease Obligations,"195,071","254,035","350,541",
37,Net Tangible Assets,"-609,774","-481,613","107,505",
38,Working Capital,"90,936","197,589","266,447",
39,Invested Capital,"-154,500","-27,624","448,679",
40,Tangible Book Value,"-609,774","-481,613","107,505",
41,Total Debt,"564,422","621,498","648,155",
42,Share Issued,"144,301","145,081","159,851",
43,Ordinary Shares Number,"144,301","145,081","159,851",
