,Breakdown,ttm,12/31/2022,12/31/2021,12/31/2020
0,Total Revenue,"73,101","82,283","9,417","9,269"
1,Operating Expense,"1,611","1,464","1,605","1,692"
2,Operating Income,"71,490","80,819","7,812","7,577"
3,Net Non Operating Interest Income Expense,9,69,-1,11
4,Other Income Expense,-,-,-,538
5,Pretax Income,"71,499","80,888","7,811","8,126"
6,Net Income Common Stockholders,"71,499","80,888","7,811","8,126"
7,Diluted NI Available to Com Stockholders,"71,499","80,888","7,811","8,126"
8,Basic EPS,0.36,3.78,0.36,0.38
9,Diluted EPS,0.36,3.78,0.36,0.38
10,Basic Average Shares,"21,400","21,400","21,400","21,400"
11,Diluted Average Shares,"21,400","21,400","21,400","21,400"
12,Total Expenses,"1,611","1,464","1,605","1,692"
13,Net Income from Continuing & Discontinued Operation,"71,499","80,888","7,811","8,126"
14,Normalized Income,"71,499","80,888","7,811","7,733"
15,Interest Income,-,-,-,11
16,Net Interest Income,9,69,-1,11
17,EBIT,"71,490","80,819","7,812","7,577"
18,EBITDA,"71,490","80,819","7,812","7,577"
19,Net Income from Continuing Operation Net Minority Interest,"71,499","80,888","7,811","8,126"
20,Total Unusual Items Excluding Goodwill,0,0,0,538
21,Total Unusual Items,0,0,0,538
22,Normalized EBITDA,"71,490","80,819","7,812","7,039"
23,Tax Rate for Calcs,0,0,0,0
24,Tax Effect of Unusual Items,0,0,0,145.26
25,Breakdown,12/31/2022,12/31/2021,12/31/2020,
26,Total Assets,"6,067","6,002",266,
27,Total Liabilities Net Minority Interest,280,364,207,
28,Total Equity Gross Minority Interest,"5,787","5,638",59,
29,Total Capitalization,"5,787","5,638",59,
30,Common Stock Equity,"5,787","5,638",59,
31,Net Tangible Assets,"5,787","5,638",59,
32,Working Capital,"5,787","5,638",127,
33,Invested Capital,-,"5,638",59,
34,Tangible Book Value,"5,787","5,638",59,
35,Share Issued,"21,400","21,400","21,400",
36,Ordinary Shares Number,"21,400","21,400","21,400",
