,Breakdown,ttm,12/31/2022,12/31/2021,12/31/2020
0,Total Revenue,"121,582","152,659","179,469","100,360"
1,Pretax Income,"-58,844","22,196","68,364","22,674"
2,Tax Provision,"-7,071","5,199","15,740","4,837"
3,Net Income Common Stockholders,"-51,773","17,333","52,477","17,696"
4,Diluted NI Available to Com Stockholders,"-51,773","17,333","52,477","17,696"
5,Basic EPS,-2.10,0.92,2.94,2.05
6,Diluted EPS,-2.10,0.92,2.94,2.05
7,Basic Average Shares,"18,895","18,811","17,841","8,536"
8,Diluted Average Shares,"18,898","18,825","17,851","8,536"
9,Net Income from Continuing & Discontinued Operation,"-51,773","17,333","52,477","17,696"
10,Normalized Income,"-22,892","17,034","61,759","19,700"
11,Interest Income,"168,995","121,652","103,546","54,460"
12,Interest Expense,"75,954","17,085","11,065","9,950"
13,Net Interest Income,"93,041","104,567","92,481","44,510"
14,Reconciled Depreciation,"1,295","1,525","1,671",629
15,Net Income from Continuing Operation Net Minority Interest,"-51,773","16,996","52,621","17,836"
16,Total Unusual Items Excluding Goodwill,"-32,826",-50,"-11,868","-2,372"
17,Total Unusual Items,"-32,826",-50,"-11,868","-2,372"
18,Tax Rate for Calcs,0,0,0,0
19,Tax Effect of Unusual Items,"-3,945",-11.7116,"-2,730",-507.608
20,Breakdown,12/31/2022,12/31/2021,12/31/2020,
21,Total Assets,"3,130,465","2,665,139","1,498,258",
22,Total Liabilities Net Minority Interest,"2,881,672","2,388,000","1,390,058",
23,Total Equity Gross Minority Interest,"248,793","277,139","108,200",
24,Total Capitalization,"600,413","327,008","247,481",
25,Common Stock Equity,"248,793","276,911","107,975",
26,Capital Lease Obligations,"7,860","7,651","5,506",
27,Net Tangible Assets,"186,393","226,022","78,690",
28,Invested Capital,"600,413","327,008","247,481",
29,Tangible Book Value,"186,393","226,022","78,690",
30,Total Debt,"359,480","57,748","145,012",
31,Net Debt,"274,346",-,"21,561",
32,Share Issued,"18,950","18,774","8,578",
33,Ordinary Shares Number,"18,950","18,774","8,578",
