,Breakdown,ttm,9/30/2023,9/30/2022,9/30/2021,9/30/2020
0,Total Revenue,"23,913","25,269","28,545","18,113","18,347"
1,Cost of Revenue,"20,890","20,560","16,808","13,074","14,510"
2,Gross Profit,"3,023","4,709","11,737","5,039","3,837"
3,Operating Expense,"6,111","6,956","8,044","7,088","5,820"
4,Operating Income,"-3,088","-2,247","3,693","-2,049","-1,983"
5,Net Non Operating Interest Income Expense,-4,-2,-1,-13,-3
6,Other Income Expense,344,"1,385","2,827","9,597","-2,688"
7,Pretax Income,"-2,748",-864,"6,519","7,535","-4,674"
8,Tax Provision,-66,-53,347,332,3
9,Net Income Common Stockholders,"-2,714",-961,"5,513","6,253","-4,756"
10,Diluted NI Available to Com Stockholders,"-2,714",-961,"5,513","6,253","-4,756"
11,Basic EPS,-0.10,-0.10,0.57,0.73,-0.57
12,Diluted EPS,-0.10,-0.10,0.57,0.73,-0.57
13,Basic Average Shares,"9,970","9,970","9,733","8,592","8,277"
14,Diluted Average Shares,"9,970","9,970","9,733","8,592","8,277"
15,Total Expenses,"27,001","27,516","24,852","20,162","20,330"
16,Net Income from Continuing & Discontinued Operation,"-2,714",-961,"5,513","6,253","-4,756"
17,Normalized Income,"-2,835","-1,557","6,052","2,639","-2,537"
18,Interest Expense,4,2,1,13,3
19,Net Interest Income,-4,-2,-1,-13,-3
20,EBIT,"-2,744",-862,"6,520","7,548","-4,671"
21,EBITDA,"2,384","3,595","9,298","8,511","-2,524"
22,Reconciled Cost of Revenue,"20,890","20,560","16,808","13,074","14,510"
23,Reconciled Depreciation,"5,128","4,457","2,778",963,"2,147"
24,Net Income from Continuing Operation Net Minority Interest,"-2,714",-961,"5,513","6,253","-4,756"
25,Total Unusual Items Excluding Goodwill,124,627,-573,"3,804","-3,040"
26,Total Unusual Items,124,627,-573,"3,804","-3,040"
27,Normalized EBITDA,"2,260","2,968","9,871","4,707",516
28,Tax Rate for Calcs,0,0,0,0,0
29,Tax Effect of Unusual Items,2.9782,31.35,-34.38,190.2,-820.8
30,Breakdown,9/30/2023,9/30/2022,9/30/2021,9/30/2020,
31,Total Assets,"35,421","37,215","24,435","15,182",
32,Total Liabilities Net Minority Interest,"16,664","18,054","14,928","17,135",
33,Total Equity Gross Minority Interest,"18,757","19,161","9,507","-1,953",
34,Total Capitalization,"18,744","19,185","9,546","-1,987",
35,Common Stock Equity,"18,744","19,141","9,499","-2,045",
36,Capital Lease Obligations,47,117,180,143,
37,Net Tangible Assets,"18,744","19,141","9,499","-2,045",
38,Working Capital,"2,487","11,170","12,134","3,123",
39,Invested Capital,"18,744","19,185","9,546","-1,987",
40,Tangible Book Value,"18,744","19,141","9,499","-2,045",
41,Total Debt,47,161,227,201,
42,Share Issued,"10,159","10,125","9,614","8,445",
43,Ordinary Shares Number,"9,991","9,957","9,446","8,277",
44,Treasury Shares Number,167.9,167.9,167.9,167.9,
