,Breakdown,ttm,12/31/2022,12/31/2021,12/31/2020
0,Total Revenue,"58,099","70,527","32,057","28,102"
1,Cost of Revenue,"24,811","30,558","14,202","12,377"
2,Gross Profit,"33,288","39,969","17,855","15,725"
3,Operating Expense,"34,144","39,466","20,646","18,443"
4,Operating Income,-856,503,"-2,791","-2,718"
5,Net Non Operating Interest Income Expense,"-11,947","-15,514","-6,757","-7,100"
6,Other Income Expense,"66,891","65,931","39,004","-9,666"
7,Pretax Income,"54,088","50,920","29,456","-19,484"
8,Tax Provision,"1,027",821,206,248
9,Net Income Common Stockholders,"51,508","49,955","29,114","-18,342"
10,Diluted NI Available to Com Stockholders,"51,508","49,955","29,114","-18,342"
11,Basic EPS,-1.16,2.67,1.63,-1.16
12,Diluted EPS,-1.16,2.66,1.62,-1.16
13,Basic Average Shares,"17,116","17,793","17,018","17,116"
14,Diluted Average Shares,"17,116","17,853","17,085","17,116"
15,Total Expenses,"58,955","70,024","34,848","30,820"
16,Net Income from Continuing & Discontinued Operation,"52,920","49,955","29,114","-19,862"
17,Normalized Income,"53,685","50,442","20,942","-17,203"
18,Interest Expense,"11,947","15,514","6,757","7,100"
19,Net Interest Income,"-11,947","-15,514","-6,757","-7,100"
20,EBIT,"66,035","66,434","36,213","-12,384"
21,EBITDA,"86,101","91,246","44,238","-5,642"
22,Reconciled Cost of Revenue,"24,811","30,558","14,202","12,377"
23,Reconciled Depreciation,"20,066","24,812","8,025","6,742"
24,Net Income from Continuing Operation Net Minority Interest,"52,920","49,955","29,114","-19,862"
25,Total Unusual Items Excluding Goodwill,-780,-495,"8,230","-3,642"
26,Total Unusual Items,-780,-495,"8,230","-3,642"
27,Normalized EBITDA,"86,881","91,741","36,008","-2,000"
28,Tax Rate for Calcs,0,0,0,0
29,Tax Effect of Unusual Items,-14.8103,-7.981,57.5564,-983.34
30,Breakdown,12/31/2022,12/31/2021,12/31/2020,
31,Total Assets,"732,118","459,538","365,741",
32,Total Liabilities Net Minority Interest,"482,048","256,587","188,053",
33,Total Equity Gross Minority Interest,"250,070","202,951","177,688",
34,Total Capitalization,"709,505","439,936","345,289",
35,Common Stock Equity,"250,088","202,956","177,772",
36,Net Tangible Assets,"250,088","202,956","177,772",
37,Working Capital,"-1,478","23,693","8,149",
38,Invested Capital,"709,505","439,936","345,289",
39,Tangible Book Value,"250,088","202,956","177,772",
40,Total Debt,"459,417","236,980","167,517",
41,Net Debt,"439,136","204,641","147,632",
42,Share Issued,"18,006","17,349","16,432",
43,Ordinary Shares Number,"18,006","17,349","16,432",
