,Breakdown,ttm,12/31/2023,12/31/2022,12/31/2021,12/31/2020
0,Total Revenue,"291,280","291,280","-653,341","136,051","521,302"
1,Operating Expense,"1,134","1,134","1,429",87.866,98.723
2,Pretax Income,"290,145","290,145","-654,770","135,963","521,203"
3,Net Income Common Stockholders,"290,145","290,145","-654,770","135,963","521,203"
4,Diluted NI Available to Com Stockholders,"290,145","290,145","-654,770","135,963","521,203"
5,Basic EPS,3.53,-,-20.29,5.41,20.85
6,Diluted EPS,3.53,-,-20.29,5.41,20.85
7,Basic Average Shares,"32,924",-,"32,271","25,132","24,994"
8,Diluted Average Shares,"34,003",-,"32,271","25,132","24,994"
9,Net Income from Continuing & Discontinued Operation,"290,145","290,145","-654,770","135,963","521,203"
10,Normalized Income,"290,145","290,145","-654,770","135,963","521,203"
11,Interest Income,0,0,-,0,-
12,Interest Expense,14.556,14.556,-,-,-
13,Net Interest Income,-14.556,-14.556,-,0,-
14,Net Income from Continuing Operation Net Minority Interest,"290,145","290,145","-654,770","135,963","521,203"
15,Tax Rate for Calcs,0,0,0,0,0
16,Tax Effect of Unusual Items,0,0,0,0,0
17,Breakdown,12/31/2023,12/31/2022,12/31/2021,12/31/2020,
18,Total Assets,"1,221,301","968,539","1,707,239","1,321,796",
19,Total Liabilities Net Minority Interest,"24,876","7,836","26,073","24,452",
20,Total Equity Gross Minority Interest,"1,196,425","960,703","1,681,166","1,297,344",
21,Total Capitalization,"1,196,931","960,791",-,-,
22,Common Stock Equity,"1,196,425","960,703","1,681,166","1,297,344",
23,Net Tangible Assets,"1,196,425","960,703","1,681,166","1,297,344",
24,Invested Capital,"1,196,931","960,791",-,-,
25,Tangible Book Value,"1,196,425","960,703","1,681,166","1,297,344",
26,Total Debt,506.784,88.084,-,-,
27,Net Debt,503.678,88.084,-,-,
28,Share Issued,"34,440","33,000","32,083","25,800",
29,Ordinary Shares Number,"34,440","33,000","32,083","25,800",
