,Breakdown,ttm,7/31/2023,4/30/2022,4/30/2021,4/30/2020
0,Total Revenue,"-3,138","-3,138","-20,782","36,814","-8,778"
1,Operating Expense,231.026,231.026,262.467,233.297,222.459
2,Pretax Income,"-3,369","-3,369","-21,044","36,581","-9,001"
3,Net Income Common Stockholders,"-3,369","-3,369","-21,044","36,581","-9,001"
4,Diluted NI Available to Com Stockholders,"-3,369","-3,369","-21,044","36,581","-9,001"
5,Basic EPS,-0.25,-,-1.56,2.72,-0.66
6,Diluted EPS,-0.25,-,-1.56,2.72,-0.66
7,Basic Average Shares,"13,477",-,"13,490","13,449","13,637"
8,Diluted Average Shares,"13,477",-,"13,490","13,449","13,637"
9,Net Income from Continuing & Discontinued Operation,"-3,369","-3,369","-21,044","36,581","-9,001"
10,Normalized Income,"-3,369","-3,369","-21,044","36,581","-9,001"
11,Interest Income,"10,861","10,861","11,758","11,982","12,309"
12,Interest Expense,"3,222","3,222",999.116,"1,008","2,388"
13,Net Interest Income,"7,639","7,639","10,759","10,973","9,921"
14,Net Income from Continuing Operation Net Minority Interest,"-3,369","-3,369","-21,044","36,581","-9,001"
15,Tax Rate for Calcs,0,0,0,0,0
16,Tax Effect of Unusual Items,0,0,0,0,0
17,Breakdown,7/31/2023,4/30/2022,4/30/2021,4/30/2020,
18,Total Assets,"226,059","259,179","293,964","265,451",
19,Total Liabilities Net Minority Interest,"86,771","110,022","115,212","115,107",
20,Total Equity Gross Minority Interest,"139,288","149,157","178,752","150,344",
21,Common Stock Equity,"139,288","149,157","178,752","150,344",
22,Net Tangible Assets,"139,288","149,157","178,752","150,344",
23,Tangible Book Value,"139,288","149,157","178,752","150,344",
24,Share Issued,"13,440","13,437","13,427","13,426",
25,Ordinary Shares Number,"13,440","13,437","13,427","13,426",
