,Breakdown,ttm,12/31/2022,12/31/2021,12/31/2020
0,Total Revenue,"2,014,766","1,732,590","1,762,264","1,788,928"
1,Cost of Revenue,"1,179,640","1,128,346","993,712","830,641"
2,Gross Profit,"835,126","604,244","768,552","958,287"
3,Operating Expense,"100,193","87,715","82,110","75,175"
4,Operating Income,"734,933","516,529","686,442","883,112"
5,Net Non Operating Interest Income Expense,"8,018","1,122","-8,813","-15,803"
6,Other Income Expense,"-130,587","12,966","48,598","167,119"
7,Pretax Income,"612,364","530,617","726,227","1,034,428"
8,Tax Provision,"276,912","243,894","265,402","362,015"
9,Net Income Common Stockholders,"281,077","252,873","420,065","628,063"
10,Diluted NI Available to Com Stockholders,"281,077","252,873","420,065","628,063"
11,Basic EPS,0.25,0.24,0.40,0.60
12,Diluted EPS,0.25,0.24,0.40,0.59
13,Basic Average Shares,"1,175,346","1,064,259","1,053,809","1,043,385"
14,Diluted Average Shares,"1,180,201","1,071,004","1,061,542","1,056,302"
15,Total Operating Income as Reported,"594,535","502,397","713,593","1,052,934"
16,Total Expenses,"1,279,833","1,216,061","1,075,822","905,816"
17,Net Income from Continuing & Discontinued Operation,"281,077","252,873","420,065","628,063"
18,Normalized Income,"368,602","256,818","398,502","535,791"
19,Interest Income,"19,909","11,964","2,985",-
20,Interest Expense,"11,891","10,842","11,798","15,803"
21,Net Interest Income,"8,018","1,122","-8,813","-15,803"
22,EBIT,"624,255","541,459","738,025","1,050,231"
23,EBITDA,"1,048,151","925,311","1,116,917","1,351,722"
24,Reconciled Cost of Revenue,"1,179,640","1,128,346","993,712","830,641"
25,Reconciled Depreciation,"423,896","383,852","378,892","301,491"
26,Net Income from Continuing Operation Net Minority Interest,"281,077","252,873","420,065","628,063"
27,Total Unusual Items Excluding Goodwill,"-145,875","-5,346","33,981","141,949"
28,Total Unusual Items,"-145,875","-5,346","33,981","141,949"
29,Normalized EBITDA,"1,194,026","930,657","1,082,936","1,209,773"
30,Tax Rate for Calcs,0,0,0,0
31,Tax Effect of Unusual Items,"-58,350","-1,401","12,418","49,677"
32,Breakdown,12/31/2022,12/31/2021,12/31/2020,
33,Total Assets,"3,681,233","3,561,293","3,362,379",
34,Total Liabilities Net Minority Interest,"569,444","600,286","701,789",
35,Total Equity Gross Minority Interest,"3,111,789","2,961,007","2,660,590",
36,Total Capitalization,"3,021,486","2,910,020","2,647,927",
37,Common Stock Equity,"3,008,126","2,860,294","2,572,016",
38,Capital Lease Obligations,"33,254",-,-,
39,Net Tangible Assets,"3,008,126","2,860,294","2,572,016",
40,Working Capital,"801,555","814,928","476,605",
41,Invested Capital,"3,021,486","2,935,428","2,682,038",
42,Tangible Book Value,"3,008,126","2,860,294","2,572,016",
43,Total Debt,"57,228","75,134","110,022",
44,Share Issued,"1,074,695","1,056,334","1,051,138",
45,Ordinary Shares Number,"1,074,695","1,056,334","1,051,138",
