,Breakdown,ttm,7/31/2023,7/31/2022,7/31/2021,7/31/2020
0,Total Revenue,-606.887,-606.887,"-161,538","124,634","103,757"
1,Operating Expense,593.111,593.111,607.554,683.965,828.034
2,Pretax Income,"-1,200","-1,200","-162,146","123,950","102,929"
3,Net Income Common Stockholders,"-1,200","-1,200","-162,146","123,950","102,929"
4,Diluted NI Available to Com Stockholders,"-1,200","-1,200","-162,146","123,950","102,929"
5,Basic EPS,-0.02,-,-2.30,1.76,1.46
6,Diluted EPS,-0.02,-,-2.30,1.76,1.46
7,Basic Average Shares,"60,000",-,"70,498","70,426","70,499"
8,Diluted Average Shares,"70,506",-,"70,498","70,426","70,499"
9,Net Income from Continuing & Discontinued Operation,"-1,200","-1,200","-162,146","123,950","102,929"
10,Normalized Income,"-1,200","-1,200","-162,146","123,950","102,929"
11,Interest Income,"81,766","81,766","86,625","89,416","93,323"
12,Interest Expense,"30,989","30,989","9,269","6,782","16,091"
13,Net Interest Income,"50,777","50,777","77,356","82,634","77,232"
14,Net Income from Continuing Operation Net Minority Interest,"-1,200","-1,200","-162,146","123,950","102,929"
15,Total Unusual Items Excluding Goodwill,-,-,0,0,0
16,Total Unusual Items,-,-,0,0,0
17,Tax Rate for Calcs,0,0,0,0,0
18,Tax Effect of Unusual Items,0,0,0,0,0
19,Breakdown,7/31/2023,7/31/2022,7/31/2021,7/31/2020,
20,Total Assets,"2,484,909","2,744,094","2,917,905","2,872,500",
21,Total Liabilities Net Minority Interest,"824,669","1,033,006","991,876","1,017,627",
22,Total Equity Gross Minority Interest,"1,660,240","1,711,088","1,926,028","1,854,873",
23,Common Stock Equity,"1,660,240","1,711,088","1,926,028","1,854,873",
24,Net Tangible Assets,"1,660,240","1,711,088","1,926,028","1,854,873",
25,Tangible Book Value,"1,660,240","1,711,088","1,926,028","1,854,873",
26,Share Issued,"70,506","70,506","70,506","70,506",
27,Ordinary Shares Number,"70,506","70,506","70,506","70,506",
