,Breakdown,ttm,12/31/2023,12/31/2022,12/31/2021,12/31/2020
0,Total Revenue,"37,153","37,153","-43,448","119,890","59,166"
1,Operating Expense,"1,069","1,069","1,079",-210.509,877.105
2,Pretax Income,"36,084","36,084","-44,528","120,100","58,289"
3,Net Income Common Stockholders,"36,084","36,084","-44,528","120,100","58,289"
4,Diluted NI Available to Com Stockholders,"36,084","36,084","-44,528","120,100","58,289"
5,Basic EPS,2.75,-,-2.04,3.51,3.23
6,Diluted EPS,2.75,-,-2.04,3.51,3.23
7,Basic Average Shares,"21,947",-,"21,827","21,652","18,046"
8,Diluted Average Shares,"22,426",-,"21,827","21,652","18,046"
9,Net Income from Continuing & Discontinued Operation,"36,084","36,084","-44,528","120,100","58,289"
10,Normalized Income,"36,084","36,084","-44,528","120,100","58,289"
11,Interest Income,0,0,0,-,-
12,Interest Expense,2.654,2.654,-,-,-
13,Net Interest Income,-2.654,-2.654,0,-,-
14,Net Income from Continuing Operation Net Minority Interest,"36,084","36,084","-44,528","120,100","58,289"
15,Tax Rate for Calcs,0,0,0,0,0
16,Tax Effect of Unusual Items,0,0,0,0,0
17,Breakdown,12/31/2023,12/31/2022,12/31/2021,12/31/2020,
18,Total Assets,"516,090","502,506","566,122","451,445",
19,Total Liabilities Net Minority Interest,"9,629","4,113","6,318","6,919",
20,Total Equity Gross Minority Interest,"506,462","498,393","559,805","444,526",
21,Common Stock Equity,"506,462","498,393","559,805","444,526",
22,Net Tangible Assets,"506,462","498,393","559,805","444,526",
23,Tangible Book Value,"506,462","498,393","559,805","444,526",
24,Share Issued,"22,475","22,275","21,652","18,678",
25,Ordinary Shares Number,"22,475","22,275","21,652","18,678",
