,Breakdown,ttm,12/31/2022,12/31/2021,12/31/2020
0,Total Revenue,"816,406","824,802","900,450","676,542"
1,Cost of Revenue,"746,934","763,473","813,106","652,613"
2,Gross Profit,"69,472","61,329","87,344","23,929"
3,Operating Expense,"180,996","191,217","204,675","154,580"
4,Operating Income,"-111,524","-129,888","-117,331","-130,651"
5,Net Non Operating Interest Income Expense,"-41,285","-34,434","-48,886","-28,632"
6,Other Income Expense,"285,156","288,751","267,346","101,184"
7,Pretax Income,"132,347","124,429","101,129","-58,099"
8,Tax Provision,"33,169",41,"-23,671","25,430"
9,Net Income Common Stockholders,"83,708","602,550","-264,075","-135,718"
10,Diluted NI Available to Com Stockholders,"83,708","602,550","-264,075","-135,718"
11,Basic EPS,0.33,2.37,-1.04,-0.53
12,Diluted EPS,0.33,2.37,-1.04,-0.53
13,Basic Average Shares,"350,106","350,056","350,056","350,056"
14,Diluted Average Shares,"350,106","350,056","350,056","350,056"
15,Total Operating Income as Reported,"-26,005","-39,019","-65,958","-81,274"
16,Rent Expense Supplemental,-,"11,620",294,"2,773"
17,Total Expenses,"927,930","954,690","1,017,781","807,193"
18,Net Income from Continuing & Discontinued Operation,"83,708","602,550","-264,075","-135,718"
19,Normalized Income,"28,234","55,357","136,397","-74,195"
20,Interest Income,"-1,350","4,138",819,"1,895"
21,Interest Expense,"45,457","44,094","53,236","24,185"
22,Net Interest Income,"-41,285","-34,434","-48,886","-28,632"
23,EBIT,"177,804","168,523","154,365","-33,914"
24,EBITDA,"177,804","170,983","158,045","-30,214"
25,Reconciled Cost of Revenue,"746,934","763,473","813,106","652,613"
26,Reconciled Depreciation,-,"2,460","3,680","3,700"
27,Net Income from Continuing Operation Net Minority Interest,"84,591","124,003","123,529","-68,908"
28,Total Unusual Items Excluding Goodwill,"75,205","68,669","-18,252","7,500"
29,Total Unusual Items,"75,205","68,669","-18,252","7,500"
30,Normalized EBITDA,"102,599","102,314","176,297","-37,714"
31,Tax Rate for Calcs,0,0,0,0
32,Tax Effect of Unusual Items,"18,848",22.6268,"-5,384","2,213"
33,Breakdown,12/31/2022,12/31/2021,12/31/2020,
34,Total Assets,"4,503,227","4,561,811","3,979,617",
35,Total Liabilities Net Minority Interest,"1,340,286","2,023,280","1,179,760",
36,Total Equity Gross Minority Interest,"3,162,941","2,538,531","2,799,857",
37,Total Capitalization,"3,008,850","2,368,326","2,627,460",
38,Preferred Stock Equity,791,791,791,
39,Common Stock Equity,"3,008,059","2,367,535","2,626,669",
40,Net Tangible Assets,"2,989,137","2,347,967","2,606,512",
41,Working Capital,"240,783","-105,392","228,716",
42,Invested Capital,"3,008,059","2,417,535","2,692,462",
43,Tangible Book Value,"2,988,346","2,347,176","2,605,721",
44,Total Debt,-,"50,000","65,793",
45,Net Debt,-,-,"361,997",
46,Share Issued,"275,635","275,635","275,635",
47,Ordinary Shares Number,"253,987","253,987","253,987",
48,Treasury Shares Number,"21,648","21,648","21,648",
