,Breakdown,ttm,12/31/2022,12/31/2021,12/31/2020
0,Total Revenue,"832,233","889,815","723,363","566,317"
1,Cost of Revenue,"651,493","704,192","543,835","400,465"
2,Gross Profit,"180,740","185,623","179,528","165,852"
3,Operating Expense,"187,057","190,856","169,575","159,003"
4,Operating Income,"-6,317","-5,233","9,953","6,849"
5,Net Non Operating Interest Income Expense,"-41,599","-44,342","-38,862","-59,150"
6,Other Income Expense,"41,734","34,054","58,223","48,383"
7,Pretax Income,"-6,182","-15,521","29,314","-3,918"
8,Tax Provision,"-4,130","11,063","-2,224","8,179"
9,Net Income Common Stockholders,"-13,868","-37,721","21,767","-10,318"
10,Diluted NI Available to Com Stockholders,"-13,868","-37,721","21,767","-10,318"
11,Basic EPS,-1.62,0.43,0.26,-0.21
12,Diluted EPS,-1.62,-0.43,0.26,-0.21
13,Basic Average Shares,"88,831","88,300","82,400","48,700"
14,Diluted Average Shares,"88,831","88,300","83,600","48,700"
15,Total Operating Income as Reported,"-3,695","-4,181","20,821","-1,737"
16,Total Expenses,"838,550","895,048","713,410","559,468"
17,Net Income from Continuing & Discontinued Operation,992,"-22,861","30,894","-10,318"
18,Normalized Income,"3,000","-23,232","22,608","-44,173"
19,Interest Income,469,641,531,646
20,Interest Expense,"43,484","44,983","33,398","43,325"
21,Net Interest Income,"-41,599","-44,342","-38,862","-59,150"
22,EBIT,"37,302","29,462","62,712","39,407"
23,EBITDA,"56,139","53,454","81,049","56,212"
24,Reconciled Cost of Revenue,"651,493","704,192","543,835","400,465"
25,Reconciled Depreciation,"18,837","23,992","18,337","16,805"
26,Net Income from Continuing Operation Net Minority Interest,992,"-22,861","30,894","-12,118"
27,Total Unusual Items Excluding Goodwill,"-3,347",470,"11,351","43,911"
28,Total Unusual Items,"-3,347",470,"11,351","43,911"
29,Normalized EBITDA,"59,486","52,984","69,698","12,301"
30,Tax Rate for Calcs,0,0,0,0
31,Tax Effect of Unusual Items,"-1,339",98.7,"3,065","11,856"
32,Breakdown,12/31/2022,12/31/2021,12/31/2020,
33,Total Assets,"942,655","913,265","599,077",
34,Total Liabilities Net Minority Interest,"944,744","854,643","930,054",
35,Total Equity Gross Minority Interest,"-2,089","58,622","-330,977",
36,Total Capitalization,"346,121","361,058","15,549",
37,Preferred Stock Equity,77,77,-,
38,Common Stock Equity,"-2,651","33,072","-332,081",
39,Capital Lease Obligations,"58,840","62,449","41,602",
40,Net Tangible Assets,"-219,860","-127,108","-403,352",
41,Working Capital,"185,613","329,051","125,253",
42,Invested Capital,"350,335","373,361","15,549",
43,Tangible Book Value,"-219,937","-127,185","-403,352",
44,Total Debt,"411,826","402,738","389,232",
45,Net Debt,"276,258","115,415","290,292",
46,Share Issued,"90,568","87,811","55,170",
47,Ordinary Shares Number,"88,700","86,286","54,452",
48,Preferred Shares Number,"7,669","7,669",-,
49,Treasury Shares Number,"1,868","1,525",718,
