,Breakdown,ttm,12/31/2022,12/31/2021,12/31/2020
0,Total Revenue,"206,595","-183,027","250,136","100,196"
1,Operating Expense,883.72,894.404,930.874,979.176
2,Pretax Income,"205,712","-183,922","249,205","99,217"
3,Net Income Common Stockholders,"205,712","-183,922","249,205","99,217"
4,Diluted NI Available to Com Stockholders,"205,712","-183,922","249,205","99,217"
5,Basic EPS,1.98,-1.77,2.40,0.95
6,Diluted EPS,1.98,-1.77,2.40,0.95
7,Basic Average Shares,"104,159","103,911","103,835","104,439"
8,Diluted Average Shares,"104,165","103,911","103,835","104,439"
9,Net Income from Continuing & Discontinued Operation,"205,712","-183,922","249,205","99,217"
10,Normalized Income,"205,712","-183,922","249,205","99,217"
11,Interest Income,529.764,140.722,0,28.794
12,Interest Expense,-1.148,1.086,2.552,-
13,Net Interest Income,530.912,139.636,-2.552,28.794
14,Net Income from Continuing Operation Net Minority Interest,"205,712","-183,922","249,205","99,217"
15,Tax Rate for Calcs,0,0,0,0
16,Tax Effect of Unusual Items,0,0,0,0
17,Breakdown,12/31/2022,12/31/2021,12/31/2020,
18,Total Assets,"1,340,907","1,632,387","1,490,384",
19,Total Liabilities Net Minority Interest,"32,151","41,242","58,930",
20,Total Equity Gross Minority Interest,"1,308,756","1,591,144","1,431,454",
21,Total Capitalization,"1,315,530",-,-,
22,Common Stock Equity,"1,308,756","1,591,144","1,431,454",
23,Net Tangible Assets,"1,308,756","1,591,144","1,431,454",
24,Invested Capital,"1,315,530",-,-,
25,Tangible Book Value,"1,308,756","1,591,144","1,431,454",
26,Total Debt,"6,774",-,-,
27,Net Debt,"6,774",-,-,
28,Share Issued,"104,087","104,087","104,087",
29,Ordinary Shares Number,"104,087","104,087","104,087",
