,Breakdown,ttm,8/31/2021,8/31/2020
0,Total Revenue,"-2,572","28,456","11,524"
1,Operating Expense,293.012,309.187,302.863
2,Pretax Income,"-2,865","28,147","11,221"
3,Net Income Common Stockholders,"-2,865","28,147","11,221"
4,Diluted NI Available to Com Stockholders,"-2,865","28,147","11,221"
5,Basic EPS,1.07,1.07,0.43
6,Diluted EPS,1.07,1.07,0.43
7,Basic Average Shares,"26,306","26,306","26,095"
8,Diluted Average Shares,"26,411","26,306","26,095"
9,Net Income from Continuing & Discontinued Operation,"-2,865","28,147","11,221"
10,Normalized Income,"-2,865","28,147","11,221"
11,Interest Income,"23,710","24,677","25,588"
12,Interest Expense,"2,163","2,219","4,217"
13,Net Interest Income,"21,546","22,458","21,372"
14,Net Income from Continuing Operation Net Minority Interest,"-2,865","28,147","11,221"
15,Total Unusual Items Excluding Goodwill,0,0,-
16,Total Unusual Items,0,0,-
17,Tax Rate for Calcs,0,0,0
18,Tax Effect of Unusual Items,0,0,0
19,Breakdown,8/31/2021,8/31/2020,
20,Total Assets,"670,760","672,185",
21,Total Liabilities Net Minority Interest,"249,515","261,046",
22,Total Equity Gross Minority Interest,"421,245","411,138",
23,Total Capitalization,-,"411,464",
24,Common Stock Equity,"421,245","411,138",
25,Net Tangible Assets,"421,245","411,138",
26,Invested Capital,-,"411,464",
27,Tangible Book Value,"421,245","411,138",
28,Total Debt,-,325.37,
29,Net Debt,-,325.37,
30,Share Issued,"26,411","26,406",
31,Ordinary Shares Number,"26,411","26,406",
