,Breakdown,ttm,12/31/2022,12/31/2021,12/31/2020
0,Total Revenue,"-87,390","-131,363","-12,261","62,663"
1,Operating Expense,"1,096","1,180","1,279","1,325"
2,Pretax Income,"-88,486","-132,543","-13,540","61,338"
3,Net Income Common Stockholders,"-88,486","-132,543","-13,540","61,338"
4,Diluted NI Available to Com Stockholders,"-88,486","-132,543","-13,540","61,338"
5,Basic EPS,-4.05,-6.06,-0.62,2.80
6,Diluted EPS,-4.05,-6.06,-0.62,2.80
7,Basic Average Shares,"21,850","21,872","21,839","21,906"
8,Diluted Average Shares,"21,874","21,872","21,839","21,906"
9,Net Income from Continuing & Discontinued Operation,"-88,486","-132,543","-13,540","61,338"
10,Normalized Income,"-88,486","-132,543","-13,540","61,338"
11,Interest Income,104,111,81,49
12,Net Interest Income,104,111,81,49
13,Net Income from Continuing Operation Net Minority Interest,"-88,486","-132,543","-13,540","61,338"
14,Tax Rate for Calcs,0,0,0,0
15,Tax Effect of Unusual Items,0,0,0,0
16,Breakdown,12/31/2022,12/31/2021,12/31/2020,
17,Total Assets,"374,192","507,241","549,999",
18,Total Liabilities Net Minority Interest,757,"1,204","1,101",
19,Total Equity Gross Minority Interest,"373,435","506,037","548,898",
20,Common Stock Equity,"373,435","506,037","548,898",
21,Net Tangible Assets,"373,435","506,037","548,898",
22,Tangible Book Value,"373,435","506,037","548,898",
23,Share Issued,"21,881","21,881","21,881",
24,Ordinary Shares Number,"21,881","21,881","21,881",
