,Breakdown,ttm,1/31/2023,1/31/2022,1/31/2021
0,Total Revenue,"2,950,985","2,968,138","2,777,604","2,117,070"
1,Cost of Revenue,"1,652,514","1,683,265","1,550,287","1,330,021"
2,Gross Profit,"1,298,471","1,284,873","1,227,317","787,049"
3,Operating Expense,"1,063,271","1,067,636","1,008,028","889,489"
4,Operating Income,"235,200","217,237","219,289","-102,440"
5,Net Non Operating Interest Income Expense,"-11,013","-14,264","-30,930","-48,287"
6,Other Income Expense,"10,209","10,061",885,"-366,384"
7,Pretax Income,"234,396","213,034","189,244","-517,111"
8,Tax Provision,"59,926","33,339","51,081","-78,117"
9,Net Income Common Stockholders,"167,591","174,026","132,037","-439,114"
10,Diluted NI Available to Com Stockholders,"167,591","174,026","132,037","-439,114"
11,Basic EPS,4.38,4.98,3.59,-11.80
12,Diluted EPS,4.36,4.92,3.56,-11.80
13,Basic Average Shares,"34,179","34,930","36,741","37,220"
14,Diluted Average Shares,"34,317","35,405","37,095","37,220"
15,Total Operating Income as Reported,"232,290","214,327","205,807","-485,658"
16,Total Expenses,"2,715,785","2,750,901","2,558,315","2,219,510"
17,Net Income from Continuing & Discontinued Operation,"174,787","181,742","137,019","-439,114"
18,Normalized Income,"177,222","184,195","147,599","-113,762"
19,Interest Expense,"11,013","14,264","30,930","48,287"
20,Net Interest Income,"-11,013","-14,264","-30,930","-48,287"
21,EBIT,"245,409","227,298","220,174","-468,824"
22,EBITDA,"294,953","276,309","272,504","-408,285"
23,Reconciled Cost of Revenue,"1,652,514","1,683,265","1,550,287","1,330,021"
24,Reconciled Depreciation,"49,544","49,011","52,330","60,539"
25,Net Income from Continuing Operation Net Minority Interest,"174,787","181,742","137,019","-439,114"
26,Total Unusual Items Excluding Goodwill,"-3,272","-2,910","-14,493","-383,218"
27,Total Unusual Items,"-3,272","-2,910","-14,493","-383,218"
28,Normalized EBITDA,"298,225","279,219","286,997","-25,067"
29,Tax Rate for Calcs,0,0,0,0
30,Tax Effect of Unusual Items,-836.524,-456.87,"-3,913","-57,866"
31,Breakdown,1/31/2023,1/31/2022,1/31/2021,
32,Total Assets,"1,836,472","1,843,926","1,867,050",
33,Total Liabilities Net Minority Interest,"1,410,359","1,520,539","1,663,196",
34,Total Equity Gross Minority Interest,"426,113","323,387","203,854",
35,Total Capitalization,"420,683","318,570","399,098",
36,Common Stock Equity,"420,683","318,570","200,247",
37,Capital Lease Obligations,"580,125","581,404","672,002",
38,Net Tangible Assets,"205,291","91,067","-39,824",
39,Working Capital,"-79,741","-189,137","-122,953",
40,Invested Capital,"728,183","608,570","649,098",
41,Tangible Book Value,"205,291","91,067","-39,824",
42,Total Debt,"887,625","871,404","1,120,853",
43,Net Debt,"273,800","259,885","360,556",
44,Share Issued,"35,716","46,087","46,087",
45,Ordinary Shares Number,"35,716","37,635","37,966",
46,Treasury Shares Number,-,"8,452","8,121",
