,Breakdown,ttm,1/31/2023,2/28/2021
0,Total Revenue,"2,528","2,528","26,252"
1,Operating Expense,415,415,489
2,Pretax Income,"2,113","2,113","25,763"
3,Tax Provision,0,0,0
4,Net Income Common Stockholders,"2,113","2,113","25,763"
5,Diluted NI Available to Com Stockholders,"2,113","2,113","25,763"
6,Basic EPS,0.11,-,1.41
7,Diluted EPS,0.11,-,1.41
8,Basic Average Shares,"19,209",-,"18,272"
9,Diluted Average Shares,"19,209",-,"18,272"
10,Net Income from Continuing & Discontinued Operation,"2,113","2,113","25,763"
11,Normalized Income,"2,113","2,113","25,763"
12,Interest Income,"8,820","8,820","10,237"
13,Interest Expense,"1,873","1,873",678
14,Net Interest Income,"6,947","6,947","9,559"
15,Net Income from Continuing Operation Net Minority Interest,"2,113","2,113","25,763"
16,Tax Rate for Calcs,0,0,0
17,Tax Effect of Unusual Items,0,0,0
18,Breakdown,1/31/2023,2/28/2021,
19,Total Assets,"245,297","269,665",
20,Total Liabilities Net Minority Interest,"75,922","74,058",
21,Total Equity Gross Minority Interest,"169,375","195,606",
22,Total Capitalization,"239,075","265,306",
23,Common Stock Equity,"169,375","195,606",
24,Net Tangible Assets,"169,375","195,606",
25,Invested Capital,"239,075","265,306",
26,Tangible Book Value,"169,375","195,606",
27,Total Debt,"69,700","69,700",
28,Net Debt,"69,572","69,547",
29,Share Issued,"18,264","18,259",
30,Ordinary Shares Number,"18,264","18,259",
