,Breakdown,ttm,10/31/2023,10/31/2022,10/31/2021,10/31/2020
0,Total Revenue,"18,153","18,153","-175,719","91,231","-53,854"
1,Operating Expense,286.826,286.826,708.4,984.312,987.173
2,Pretax Income,"17,866","17,866","-176,427","90,247","-54,842"
3,Net Income Common Stockholders,"17,866","17,866","-176,427","90,247","-54,842"
4,Diluted NI Available to Com Stockholders,"17,866","17,866","-176,427","90,247","-54,842"
5,Basic EPS,2.86,-,-28.33,13.91,-8.21
6,Diluted EPS,2.86,-,-28.33,13.91,-8.21
7,Basic Average Shares,"6,247",-,"6,228","6,488","6,680"
8,Diluted Average Shares,"6,300",-,"6,228","6,488","6,680"
9,Net Income from Continuing & Discontinued Operation,"17,866","17,866","-176,427","90,247","-54,842"
10,Normalized Income,"17,866","17,866","-176,427","90,247","-54,842"
11,Net Income from Continuing Operation Net Minority Interest,"17,866","17,866","-176,427","90,247","-54,842"
12,Tax Rate for Calcs,0,0,0,0,0
13,Tax Effect of Unusual Items,0,0,0,0,0
14,Breakdown,10/31/2023,10/31/2022,10/31/2021,10/31/2020,
15,Total Assets,"56,616","39,043","235,612","146,581",
16,Total Liabilities Net Minority Interest,"2,431","1,976","14,032","1,767",
17,Total Equity Gross Minority Interest,"54,185","37,068","221,580","144,813",
18,Common Stock Equity,"54,185","37,068","221,580","144,813",
19,Net Tangible Assets,"54,185","37,068","221,580","144,813",
20,Tangible Book Value,"54,185","37,068","221,580","144,813",
21,Share Issued,"6,300","6,220","6,297","6,581",
22,Ordinary Shares Number,"6,300","6,220","6,297","6,581",
23,Treasury Shares Number,0,-,-,-,
