,Breakdown,ttm,12/31/2022,12/31/2021,12/31/2020
0,Total Revenue,"29,779","24,038","37,988","40,267"
1,Cost of Revenue,"21,622","16,760","26,189","32,589"
2,Gross Profit,"8,158","7,278","11,799","7,677"
3,Operating Expense,"13,702","16,500","10,468","11,703"
4,Operating Income,"-5,544","-9,222","1,331","-4,025"
5,Net Non Operating Interest Income Expense,-963.656,63.26,"-13,287","-27,017"
6,Other Income Expense,"-21,427","-8,199","-2,835","-32,946"
7,Pretax Income,"-27,935","-17,358","-14,791","-63,988"
8,Tax Provision,0,0,0,0
9,Net Income Common Stockholders,"-27,070","-15,427","-14,486","-103,994"
10,Diluted NI Available to Com Stockholders,"-27,070","-15,427","-14,486","-103,994"
11,Basic EPS,-0.26,-0.13,-0.18,-3.93
12,Diluted EPS,-0.26,-0.13,-0.18,-3.93
13,Basic Average Shares,"124,738","114,564","82,228","26,459"
14,Diluted Average Shares,"124,738","114,564","82,228","26,459"
15,Total Operating Income as Reported,"-5,996","-9,674","1,331","-41,525"
16,Total Expenses,"35,323","33,261","36,657","44,292"
17,Net Income from Continuing & Discontinued Operation,"-27,070","-15,427","-14,486","-61,992"
18,Normalized Income,"-5,720","-7,228","-11,830","-29,045"
19,Interest Income,-,801.301,470.492,2.527
20,Interest Expense,"1,765",738.041,"13,757","27,019"
21,Net Interest Income,-963.656,63.26,"-13,287","-27,017"
22,EBIT,"-26,170","-16,620","-1,034","-36,969"
23,EBITDA,"-25,282","-15,100","6,277","-23,454"
24,Reconciled Cost of Revenue,"21,622","16,760","26,189","32,589"
25,Reconciled Depreciation,887.775,"1,520","7,311","13,515"
26,Net Income from Continuing Operation Net Minority Interest,"-27,070","-15,427","-14,486","-61,992"
27,Total Unusual Items Excluding Goodwill,"-21,350","-8,199","-2,656","-32,946"
28,Total Unusual Items,"-21,350","-8,199","-2,656","-32,946"
29,Normalized EBITDA,"-3,932","-6,901","8,934","9,492"
30,Tax Rate for Calcs,0,0,0,0
31,Tax Effect of Unusual Items,0,0,0,0
32,Breakdown,12/31/2022,12/31/2021,12/31/2020,
33,Total Assets,"49,913","58,151","115,758",
34,Total Liabilities Net Minority Interest,"34,547","40,123","132,060",
35,Total Equity Gross Minority Interest,"15,365","18,028","-16,302",
36,Total Capitalization,"7,922","16,885","62,474",
37,Preferred Stock Equity,0.033,0.028,0.028,
38,Common Stock Equity,"5,189","13,419","-16,302",
39,Capital Lease Obligations,"4,465","5,800",241.431,
40,Net Tangible Assets,"-18,076","4,407","-16,302",
41,Working Capital,"-6,340","-8,265","-34,988",
42,Invested Capital,"11,728","25,379","95,451",
43,Tangible Book Value,"-18,076","4,407","-16,302",
44,Total Debt,"11,004","17,760","111,995",
45,Net Debt,"3,300","8,492","107,776",
46,Share Issued,"114,781","111,031","51,495",
47,Ordinary Shares Number,"114,781","111,031","51,495",
48,Preferred Shares Number,-,28.092,28.092,
