,Breakdown,ttm,12/31/2023,12/31/2022,12/31/2021,12/31/2020
0,Total Revenue,"230,444","230,444","-152,648","360,308","79,895"
1,Operating Expense,"6,809","6,809","6,023","6,731","6,179"
2,Pretax Income,"223,636","223,636","-158,671","353,577","73,716"
3,Net Income Common Stockholders,"223,636","223,636","-158,671","353,577","73,716"
4,Diluted NI Available to Com Stockholders,"223,636","223,636","-158,671","353,577","73,716"
5,Basic EPS,6.34,-,-5.81,13.47,2.90
6,Diluted EPS,6.34,-,-5.81,13.47,2.90
7,Basic Average Shares,"27,659",-,"27,310","26,249","25,419"
8,Diluted Average Shares,"27,976",-,"27,310","26,249","25,419"
9,Net Income from Continuing & Discontinued Operation,"223,636","223,636","-158,671","353,577","73,716"
10,Normalized Income,"223,636","223,636","-158,671","353,577","73,716"
11,Interest Income,"3,860","3,860",905.872,5.595,199.056
12,Net Interest Income,"3,860","3,860",905.872,5.595,199.056
13,Reconciled Depreciation,71.367,71.367,7.392,7.231,7.317
14,Net Income from Continuing Operation Net Minority Interest,"223,636","223,636","-158,671","353,577","73,716"
15,Tax Rate for Calcs,0,0,0,0,0
16,Tax Effect of Unusual Items,0,0,0,0,0
17,Breakdown,12/31/2023,12/31/2022,12/31/2021,12/31/2020,
18,Total Assets,"1,323,271","1,135,874","1,332,955","1,037,066",
19,Total Liabilities Net Minority Interest,"3,406","3,039",364.269,729.115,
20,Total Equity Gross Minority Interest,"1,319,865","1,132,836","1,332,591","1,036,336",
21,Common Stock Equity,"1,319,865","1,132,836","1,332,591","1,036,336",
22,Net Tangible Assets,"1,319,865","1,132,836","1,332,591","1,036,336",
23,Tangible Book Value,"1,319,865","1,132,836","1,332,591","1,036,336",
24,Total Debt,"3,160","2,904",197.874,584.839,
25,Share Issued,"28,388","28,009","27,266","26,240",
26,Ordinary Shares Number,"28,388","27,988","27,266","26,240",
27,Treasury Shares Number,-,20.672,-,-,
