,Breakdown,ttm,11/30/2023,11/30/2022,11/30/2021,11/30/2020
0,Total Revenue,"2,903","2,903","-17,180","4,190","6,974"
1,Operating Expense,405.783,405.783,476.123,484.911,475.243
2,Pretax Income,"2,497","2,497","-17,657","3,705","6,499"
3,Net Income Common Stockholders,"2,497","2,497","-17,657","3,705","6,499"
4,Diluted NI Available to Com Stockholders,"2,497","2,497","-17,657","3,705","6,499"
5,Basic EPS,-0.34,-,-2.48,0.52,0.92
6,Diluted EPS,-0.34,-,-2.48,0.52,0.92
7,Basic Average Shares,"7,079",-,"7,131","7,195","7,095"
8,Diluted Average Shares,"7,079",-,"7,131","7,195","7,095"
9,Net Income from Continuing & Discontinued Operation,"2,497","2,497","-17,657","3,705","6,499"
10,Normalized Income,"2,497","2,497","-17,657","3,705","6,499"
11,Interest Income,"5,035","5,035","5,278","5,458","5,694"
12,Interest Expense,"1,455","1,455",848.093,300.577,694.394
13,Net Interest Income,"3,580","3,580","4,430","5,157","4,999"
14,Net Income from Continuing Operation Net Minority Interest,"2,497","2,497","-17,657","3,705","6,499"
15,Tax Rate for Calcs,0,0,0,0,0
16,Tax Effect of Unusual Items,0,0,0,0,0
17,Breakdown,11/30/2023,11/30/2022,11/30/2021,11/30/2020,
18,Total Assets,"114,108","126,190","165,314","165,638",
19,Total Liabilities Net Minority Interest,"32,688","44,237","60,848","60,846",
20,Total Equity Gross Minority Interest,"81,421","81,953","104,466","104,792",
21,Total Capitalization,"113,714","125,777","164,030","164,366",
22,Common Stock Equity,"81,421","81,953","104,466","104,792",
23,Net Tangible Assets,"81,421","81,953","104,466","104,792",
24,Invested Capital,"113,714","125,777","164,030","164,366",
25,Tangible Book Value,"81,421","81,953","104,466","104,792",
26,Total Debt,"32,293","43,824","59,564","59,574",
27,Net Debt,"31,899","41,983","59,173","55,728",
28,Share Issued,"7,034","7,034","7,134","7,134",
29,Ordinary Shares Number,"7,034","7,034","7,134","7,134",
30,Treasury Shares Number,0,-,-,-,
