,Breakdown,ttm,12/31/2022,12/31/2021,12/31/2020
0,Total Revenue,"-21,450","40,193","28,138","-56,471"
1,Pretax Income,"-34,892","27,259","13,311","-71,982"
2,Tax Provision,-328,"5,070",781,"-18,764"
3,Net Income Common Stockholders,"-43,681","11,886","2,430","-62,081"
4,Diluted NI Available to Com Stockholders,"-43,681","11,886","2,430","-62,081"
5,Basic EPS,-2.17,0.60,0.14,-3.67
6,Diluted EPS,-2.17,0.60,0.14,-3.67
7,Basic Average Shares,"24,827","19,768","17,324","16,902"
8,Diluted Average Shares,"24,856","19,796","17,346","16,919"
9,Net Income from Continuing & Discontinued Operation,"-33,828","21,739","12,283","-52,239"
10,Normalized Income,"-33,840","21,729","12,269","-51,729"
11,Interest Income,"47,099","29,642","14,956","42,841"
12,Interest Expense,"46,999","17,563","5,768","22,134"
13,Net Interest Income,100,"12,079","9,188","20,707"
14,Net Income from Continuing Operation Net Minority Interest,"-33,828","21,739","12,283","-52,239"
15,Total Unusual Items Excluding Goodwill,12,12,15,-690
16,Total Unusual Items,12,12,15,-690
17,Tax Rate for Calcs,0,0,0,0
18,Tax Effect of Unusual Items,0.1128,2.232,0.885,-180.09
19,Breakdown,12/31/2022,12/31/2021,12/31/2020,
20,Total Assets,"1,408,825","1,302,862","1,593,488",
21,Total Liabilities Net Minority Interest,"1,143,309","1,024,046","1,280,922",
22,Total Equity Gross Minority Interest,"265,516","278,816","312,566",
23,Total Capitalization,"445,923","421,133","421,544",
24,Preferred Stock Equity,"115,379","115,379","115,379",
25,Common Stock Equity,"146,656","160,486","194,786",
26,Net Tangible Assets,"262,035","275,865","310,165",
27,Invested Capital,"330,544","305,754","306,165",
28,Tangible Book Value,"146,656","160,486","194,786",
29,Total Debt,"183,888","145,268","111,379",
30,Net Debt,"126,568","81,352","27,487",
31,Share Issued,"23,508","18,262","17,077",
32,Ordinary Shares Number,"23,508","18,262","17,077",
33,Preferred Shares Number,"4,782","4,782","4,782",
