,Breakdown,ttm,10/31/2022,10/31/2021,10/31/2020
0,Total Revenue,"-4,141","-117,466","12,362","106,608"
1,Operating Expense,989.882,"1,008","1,030","1,039"
2,Pretax Income,"-5,131","-118,473","11,332","105,570"
3,Net Income Common Stockholders,"-5,131","-118,473","11,332","105,570"
4,Diluted NI Available to Com Stockholders,"-5,131","-118,473","11,332","105,570"
5,Basic EPS,-0.51,-11.49,1.08,10.04
6,Diluted EPS,-0.51,-11.49,1.08,10.04
7,Basic Average Shares,"10,322","10,311","10,493","10,515"
8,Diluted Average Shares,"10,322","10,311","10,493","10,515"
9,Net Income from Continuing & Discontinued Operation,"-5,131","-118,473","11,332","105,570"
10,Normalized Income,"-5,131","-118,473","11,332","105,570"
11,Interest Income,48.955,15.366,0.238,24.717
12,Net Interest Income,48.955,15.366,0.238,24.717
13,Net Income from Continuing Operation Net Minority Interest,"-5,131","-118,473","11,332","105,570"
14,Tax Rate for Calcs,0,0,0,0
15,Tax Effect of Unusual Items,0,0,0,0
16,Breakdown,10/31/2022,10/31/2021,10/31/2020,
17,Total Assets,"121,607","323,052","343,385",
18,Total Liabilities Net Minority Interest,"2,842","8,749","13,973",
19,Total Equity Gross Minority Interest,"118,765","314,302","329,412",
20,Common Stock Equity,"118,765","314,302","329,412",
21,Net Tangible Assets,"118,765","314,302","329,412",
22,Tangible Book Value,"118,765","314,302","329,412",
23,Share Issued,"10,259","10,367","10,450",
24,Ordinary Shares Number,"10,259","10,367","10,450",
