,Breakdown,ttm,1/31/2023,1/31/2022,1/31/2021
0,Total Revenue,"11,008,534","10,098,939","8,890,773","7,146,264"
1,Cost of Revenue,"7,889,434","7,268,034","6,517,191","5,325,457"
2,Gross Profit,"3,119,100","2,830,905","2,373,582","1,820,807"
3,Operating Expense,"3,107,405","2,775,152","2,445,760","1,911,271"
4,Operating Income,"11,695","55,753","-72,178","-90,464"
5,Net Non Operating Interest Income Expense,"33,317","9,291","-1,639","-2,022"
6,Other Income Expense,-,"-13,166",-,-
7,Pretax Income,"18,078","51,878","-73,817","-92,486"
8,Tax Provision,"6,657","2,646",0,0
9,Net Income Common Stockholders,"11,421","49,232","-73,817","-92,486"
10,Diluted NI Available to Com Stockholders,"11,421","49,232","-73,817","-92,486"
11,Basic EPS,0.03,0.12,-0.18,-0.23
12,Diluted EPS,0.03,0.12,-0.18,-0.23
13,Basic Average Shares,"427,640","422,331","417,218","407,240"
14,Diluted Average Shares,"430,907","427,770","417,218","407,240"
15,Total Operating Income as Reported,"11,695","55,753","-72,178","-90,464"
16,Total Expenses,"10,996,839","10,043,186","8,962,951","7,236,728"
17,Net Income from Continuing & Discontinued Operation,"11,421","49,232","-73,817","-92,486"
18,Normalized Income,"20,119","49,232","-73,817","-92,486"
19,Net Interest Income,"33,317","9,291","-1,639","-2,022"
20,EBIT,"22,684","55,753","-72,178","-90,464"
21,EBITDA,"127,490","139,060","-17,169","-54,800"
22,Reconciled Cost of Revenue,"7,889,434","7,268,034","6,517,191","5,325,457"
23,Reconciled Depreciation,"104,806","83,307","55,009","35,664"
24,Net Income from Continuing Operation Net Minority Interest,"11,421","49,232","-73,817","-92,486"
25,Total Unusual Items Excluding Goodwill,"-13,768",-,-,-
26,Total Unusual Items,"-13,768",-,-,-
27,Normalized EBITDA,"141,258","139,060","-17,169","-54,800"
28,Tax Rate for Calcs,0,0,0,0
29,Tax Effect of Unusual Items,"-5,070",0,0,0
30,Breakdown,1/31/2023,1/31/2022,1/31/2021,
31,Total Assets,"2,515,076","2,086,281","1,740,910",
32,Total Liabilities Net Minority Interest,"2,301,119","2,071,545","1,742,914",
33,Total Equity Gross Minority Interest,"213,957","14,736","-2,004",
34,Total Capitalization,"213,957","14,736","-2,004",
35,Common Stock Equity,"213,957","14,736","-2,004",
36,Capital Lease Obligations,"471,765","410,168","328,231",
37,Net Tangible Assets,"174,515","14,736","-2,004",
38,Working Capital,"-249,028","-321,347","-154,084",
39,Invested Capital,"213,957","14,736","-2,004",
40,Tangible Book Value,"174,515","14,736","-2,004",
41,Total Debt,"471,765","410,168","328,231",
42,Share Issued,"425,349","420,106","415,047",
43,Ordinary Shares Number,"425,349","420,106","415,047",
