,Breakdown,ttm,12/31/2022,12/31/2021,12/31/2020
0,Total Revenue,"241,325","232,761","250,360","238,856"
1,Other Income Expense,"3,885","3,675","3,332","1,828"
2,Pretax Income,"-5,633","-7,067","-6,688","-12,317"
3,Tax Provision,-343,-429,"-43,475","-1,329"
4,Net Income Common Stockholders,"-5,290","-6,638","36,787","-10,988"
5,Diluted NI Available to Com Stockholders,"-5,290","-6,638","36,787","-10,988"
6,Basic EPS,-0.10,-0.13,0.74,-0.22
7,Diluted EPS,-0.10,-0.13,0.73,-0.22
8,Basic Average Shares,"49,791","50,139","49,712","49,945"
9,Diluted Average Shares,"50,657","50,867","50,393","49,945"
10,Total Expenses,"246,958","239,828","257,048","251,173"
11,Net Income from Continuing & Discontinued Operation,"-5,290","-6,638","36,787","-10,988"
12,Normalized Income,"-5,290","-6,638","46,003","-10,988"
13,Reconciled Depreciation,503,536,"1,140","1,423"
14,Net Income from Continuing Operation Net Minority Interest,"-5,290","-6,638","36,787","-10,988"
15,Total Unusual Items Excluding Goodwill,0,0,"-12,624",0
16,Total Unusual Items,0,0,"-12,624",0
17,Tax Rate for Calcs,0,0,0,0
18,Tax Effect of Unusual Items,0,0,"-3,408",0
19,Breakdown,12/31/2022,12/31/2021,12/31/2020,
20,Total Assets,"1,569,970","1,854,511","1,843,420",
21,Total Liabilities Net Minority Interest,"1,568,927","1,533,940","1,542,475",
22,Total Equity Gross Minority Interest,"1,043","320,571","300,945",
23,Total Capitalization,"1,043","320,571","300,945",
24,Common Stock Equity,"1,043","320,571","300,945",
25,Net Tangible Assets,"1,043","320,571","287,375",
26,Invested Capital,"1,043","320,571","300,945",
27,Tangible Book Value,"1,043","320,571","287,375",
28,Share Issued,"53,758","53,170","53,656",
29,Ordinary Shares Number,"49,823","50,035","50,520",
30,Treasury Shares Number,"3,936","4,137","3,136",
