,Breakdown,ttm,11/30/2023,11/30/2022,11/30/2021,11/30/2020
0,Total Revenue,"3,081","3,081","-5,614","1,804","2,589"
1,Operating Expense,229.888,229.888,144.451,163.858,157.195
2,Pretax Income,"2,851","2,851","-5,758","1,640","2,432"
3,Net Income Common Stockholders,"2,851","2,851","-5,758","1,640","2,432"
4,Diluted NI Available to Com Stockholders,"2,851","2,851","-5,758","1,640","2,432"
5,Basic EPS,-0.04,-,-0.29,0.08,0.14
6,Diluted EPS,-0.04,-,-0.29,0.08,0.14
7,Basic Average Shares,"18,778",-,"19,856","20,496","17,370"
8,Diluted Average Shares,"19,137",-,"19,856","20,496","17,370"
9,Net Income from Continuing & Discontinued Operation,"2,851","2,851","-5,758","1,640","2,432"
10,Normalized Income,"2,851","2,851","-5,758","1,640","2,432"
11,Interest Income,"3,096","3,096","2,985","3,218","3,500"
12,Interest Expense,905.522,905.522,345.555,146.058,224.591
13,Net Interest Income,"2,190","2,190","2,639","3,072","3,275"
14,Net Income from Continuing Operation Net Minority Interest,"2,851","2,851","-5,758","1,640","2,432"
15,Tax Rate for Calcs,0,0,0,0,0
16,Tax Effect of Unusual Items,0,0,0,0,0
17,Breakdown,11/30/2023,11/30/2022,11/30/2021,11/30/2020,
18,Total Assets,"49,213","51,759","63,561","66,817",
19,Total Liabilities Net Minority Interest,"15,601","16,215","18,617","19,232",
20,Total Equity Gross Minority Interest,"33,612","35,545","44,943","47,585",
21,Total Capitalization,"48,612","51,545","63,443","66,085",
22,Common Stock Equity,"33,612","35,545","44,943","47,585",
23,Net Tangible Assets,"33,612","35,545","44,943","47,585",
24,Invested Capital,"48,612","51,545","63,443","66,085",
25,Tangible Book Value,"33,612","35,545","44,943","47,585",
26,Total Debt,"15,000","16,000","18,500","18,500",
27,Net Debt,"15,000","15,998","18,497","18,499",
28,Share Issued,"18,511","19,417","19,342","19,267",
29,Ordinary Shares Number,"18,511","19,417","19,342","19,267",
