,Breakdown,ttm,12/31/2023,12/31/2022,12/31/2021,12/31/2020
0,Total Revenue,"152,798","152,798","-107,615","180,829","98,096"
1,Operating Expense,590.612,590.612,503,616.534,733.709
2,Pretax Income,"152,207","152,207","-108,118","180,213","97,362"
3,Net Income Common Stockholders,"152,207","152,207","-108,118","180,213","97,362"
4,Diluted NI Available to Com Stockholders,"152,207","152,207","-108,118","180,213","97,362"
5,Basic EPS,2.84,-,-2.45,4.08,2.21
6,Diluted EPS,2.84,-,-2.45,4.08,2.21
7,Basic Average Shares,"44,034",-,"44,130","44,170","44,055"
8,Diluted Average Shares,"44,132",-,"44,130","44,170","44,055"
9,Net Income from Continuing & Discontinued Operation,"152,207","152,207","-108,118","180,213","97,362"
10,Normalized Income,"152,207","152,207","-108,118","180,213","97,362"
11,Interest Income,0,0,-,-,-
12,Interest Expense,0.025,0.025,-,-,-
13,Net Interest Income,-0.025,-0.025,-,-,-
14,Net Income from Continuing Operation Net Minority Interest,"152,207","152,207","-108,118","180,213","97,362"
15,Tax Rate for Calcs,0,0,0,0,0
16,Tax Effect of Unusual Items,0,0,0,0,0
17,Breakdown,12/31/2023,12/31/2022,12/31/2021,12/31/2020,
18,Total Assets,"894,425","785,492","989,148","858,019",
19,Total Liabilities Net Minority Interest,"19,974","10,825","13,669","14,346",
20,Total Equity Gross Minority Interest,"874,451","774,667","975,479","843,673",
21,Total Capitalization,-,"774,691",-,-,
22,Common Stock Equity,"874,451","774,667","975,479","843,673",
23,Net Tangible Assets,"874,451","774,667","975,479","843,673",
24,Invested Capital,-,"774,691",-,-,
25,Tangible Book Value,"874,451","774,667","975,479","843,673",
26,Total Debt,-,24.238,-,-,
27,Net Debt,-,24.238,-,-,
28,Share Issued,"44,147","44,132","44,132","44,121",
29,Ordinary Shares Number,"44,147","44,132","44,132","44,121",
