,Breakdown,ttm,12/31/2022,12/31/2021,12/31/2020
0,Total Revenue,"1,027","1,105",744.545,671.944
1,Cost of Revenue,67.406,91.288,55.396,42.245
2,Gross Profit,959.772,"1,014",689.149,629.699
3,Operating Expense,"1,440","2,876",651.574,605.223
4,Operating Income,-480.096,"-1,862",37.575,24.476
5,Net Non Operating Interest Income Expense,18.113,35.34,15.625,44.179
6,Other Income Expense,187.486,20.741,"1,030",369.569
7,Pretax Income,-274.497,"-1,805","1,083",438.224
8,Tax Provision,19.472,-487.713,263.97,98.841
9,Net Income Common Stockholders,-293.969,"-1,318",819.349,339.383
10,Diluted NI Available to Com Stockholders,-293.969,"-1,318",819.349,339.383
11,Basic EPS,-0.55,-0.67,0.42,0.17
12,Diluted EPS,-0.55,-0.67,0.42,0.17
13,Basic Average Shares,"1,974","1,959","1,942","1,942"
14,Diluted Average Shares,"1,974","1,959","1,942","1,942"
15,Total Operating Income as Reported,-300.276,"-1,843","1,063",379.053
16,Total Expenses,"1,507","2,967",706.97,647.468
17,Net Income from Continuing & Discontinued Operation,-293.969,"-1,318",819.349,339.383
18,Normalized Income,-401.861,"-1,332",43.5526,64.7805
19,Interest Income,18.113,35.34,15.625,44.179
20,Net Interest Income,18.113,35.34,15.625,44.179
21,EBIT,-480.096,"-1,862",37.575,24.476
22,EBITDA,-476.919,"-1,856",40.165,27.753
23,Reconciled Cost of Revenue,67.406,91.288,55.396,42.245
24,Reconciled Depreciation,3.177,5.922,2.59,3.277
25,Net Income from Continuing Operation Net Minority Interest,-293.969,"-1,318",819.349,339.383
26,Total Unusual Items Excluding Goodwill,179.82,18.972,"1,026",354.577
27,Total Unusual Items,179.82,18.972,"1,026",354.577
28,Normalized EBITDA,-656.739,"-1,875",-985.57,-326.824
29,Tax Rate for Calcs,0,0,0,0
30,Tax Effect of Unusual Items,71.928,5.125,249.9386,79.9745
31,Breakdown,12/31/2022,12/31/2021,12/31/2020,
32,Total Assets,"17,688","17,055","16,317",
33,Total Liabilities Net Minority Interest,267.176,448.9,529.859,
34,Total Equity Gross Minority Interest,"17,420","16,606","15,787",
35,Total Capitalization,"17,420","16,606","15,787",
36,Common Stock Equity,"17,420","16,606","15,787",
37,Net Tangible Assets,"17,420","16,606","15,787",
38,Working Capital,"8,041","7,738","6,731",
39,Invested Capital,"17,420","16,606","15,787",
40,Tangible Book Value,"17,420","16,606","15,787",
41,Share Issued,"1,989","1,942","1,942",
42,Ordinary Shares Number,"1,974","1,942","1,942",
43,Treasury Shares Number,14.274,-,-,
