,Breakdown,ttm,12/31/2022,12/31/2021,12/31/2020
0,Total Revenue,"502,791","489,735","470,252","487,267"
1,Cost of Revenue,"414,879","410,816","386,412","395,634"
2,Gross Profit,"87,912","78,919","83,840","91,633"
3,Operating Expense,"39,212","38,117","44,173","34,033"
4,Operating Income,"48,700","40,802","39,667","57,600"
5,Net Non Operating Interest Income Expense,"-12,355","-11,570","-9,152","-14,372"
6,Other Income Expense,-304,722,"5,595","-134,405"
7,Pretax Income,"36,041","29,954","36,110","-91,177"
8,Tax Provision,"12,102","10,296","15,891","5,896"
9,Net Income Common Stockholders,"23,714","19,453","19,727","-97,637"
10,Diluted NI Available to Com Stockholders,"23,714","19,453","19,727","-97,637"
11,Basic EPS,0.51,0.42,0.43,-2.20
12,Diluted EPS,0.51,0.42,0.42,-2.20
13,Basic Average Shares,"46,418","46,334","46,009","44,477"
14,Diluted Average Shares,"47,109","46,813","46,690","44,477"
15,Total Operating Income as Reported,"48,396","41,524","45,262","-76,805"
16,Total Expenses,"454,091","448,933","430,585","429,667"
17,Net Income from Continuing & Discontinued Operation,"23,714","19,453","19,727","-97,637"
18,Normalized Income,"25,510","20,292","16,570","4,360"
19,Interest Expense,"12,355","11,570","9,152","14,372"
20,Net Interest Income,"-12,355","-11,570","-9,152","-14,372"
21,EBIT,"48,396","41,524","45,262","-76,805"
22,EBITDA,"65,044","58,685","63,778","-55,938"
23,Reconciled Cost of Revenue,"414,879","410,816","386,412","395,634"
24,Reconciled Depreciation,"16,648","17,161","18,516","20,867"
25,Net Income from Continuing Operation Net Minority Interest,"23,714","19,453","19,727","-97,213"
26,Total Unusual Items Excluding Goodwill,"-2,704","-1,279","4,209","-135,430"
27,Total Unusual Items,"-2,704","-1,279","4,209","-135,430"
28,Normalized EBITDA,"67,748","59,964","59,569","79,492"
29,Tax Rate for Calcs,0,0,0,0
30,Tax Effect of Unusual Items,-907.9606,-439.976,"1,052","-33,857"
31,Breakdown,12/31/2022,12/31/2021,12/31/2020,
32,Total Assets,"578,354","580,853","568,579",
33,Total Liabilities Net Minority Interest,"389,400","419,852","493,006",
34,Total Equity Gross Minority Interest,"188,954","161,001","75,573",
35,Total Capitalization,"356,644","345,085","330,946",
36,Common Stock Equity,"184,258","156,449","71,513",
37,Capital Lease Obligations,"50,004","61,628","67,545",
38,Net Tangible Assets,"77,330","48,865","-36,515",
39,Working Capital,"108,567","98,273","76,098",
40,Invested Capital,"356,644","345,085","330,946",
41,Tangible Book Value,"77,330","48,865","-36,515",
42,Total Debt,"222,390","250,264","326,978",
43,Net Debt,"156,958","170,933","245,627",
44,Share Issued,"46,699","46,454","44,796",
45,Ordinary Shares Number,"46,632","46,349","44,573",
46,Treasury Shares Number,67.168,104.867,223.451,
