,Breakdown,ttm,12/31/2022,12/31/2021,12/31/2020
0,Total Revenue,"127,513","129,746","122,729","122,850"
1,Cost of Revenue,"60,174","61,867","59,446","58,188"
2,Gross Profit,"67,339","67,879","63,283","64,662"
3,Operating Expense,"39,154","39,737","36,332","33,358"
4,Operating Income,"28,185","28,142","26,951","31,304"
5,Net Non Operating Interest Income Expense,"-40,402","-40,207","-41,284","-40,228"
6,Other Income Expense,"-3,236",-506,"-5,685","-3,305"
7,Pretax Income,"-15,453","-12,571","-20,018","-12,229"
8,Net Income Common Stockholders,"-6,707","-5,732","-8,240","-5,384"
9,Diluted NI Available to Com Stockholders,"-6,707","-5,732","-8,240","-5,384"
10,Basic EPS,-0.46,-0.36,-0.51,-0.31
11,Diluted EPS,-0.46,-0.36,-0.51,-0.31
12,Basic Average Shares,"16,063","16,063","16,063","17,629"
13,Diluted Average Shares,"16,063","16,063","16,063","17,629"
14,Total Operating Income as Reported,"24,949","27,636","24,161","32,142"
15,Total Expenses,"99,328","101,604","95,778","91,546"
16,Net Income from Continuing & Discontinued Operation,"-5,857","-4,764","-7,587","-4,906"
17,Normalized Income,"-2,621","-4,258","-1,902","-1,601"
18,Interest Expense,"40,402","40,207","41,284","40,228"
19,Net Interest Income,"-40,402","-40,207","-41,284","-40,228"
20,EBIT,"24,949","27,636","21,266","27,999"
21,EBITDA,"51,964","54,621","47,028","51,629"
22,Reconciled Cost of Revenue,"60,444","62,108","59,776","59,060"
23,Reconciled Depreciation,"26,745","26,744","25,432","22,758"
24,Net Income from Continuing Operation Net Minority Interest,"-5,857","-4,764","-7,587","-4,906"
25,Total Unusual Items Excluding Goodwill,"-3,236",-506,"-5,685","-3,305"
26,Total Unusual Items,"-3,236",-506,"-5,685","-3,305"
27,Normalized EBITDA,"55,200","55,127","52,713","54,934"
28,Tax Rate for Calcs,0,0,0,0
29,Tax Effect of Unusual Items,0,0,0,0
30,Breakdown,12/31/2022,12/31/2021,12/31/2020,
31,Total Assets,"1,229,631","1,233,657","1,207,866",
32,Total Liabilities Net Minority Interest,"1,192,452","1,163,708","1,103,752",
33,Total Equity Gross Minority Interest,"37,179","69,949","104,114",
34,Total Capitalization,"1,175,682","1,157,667","1,118,920",
35,Common Stock Equity,"14,094","26,513","39,462",
36,Net Tangible Assets,"7,818","19,735","32,090",
37,Working Capital,"32,231","58,567","95,469",
38,Invested Capital,"1,175,682","1,157,667","1,118,920",
39,Tangible Book Value,"7,818","19,735","32,090",
40,Total Debt,"1,161,588","1,131,154","1,079,458",
41,Net Debt,"1,143,436","1,096,630","1,007,400",
42,Share Issued,"16,063","16,063","16,063",
43,Ordinary Shares Number,"16,063","16,063","16,063",
