,Breakdown,ttm,12/31/2022,12/31/2021,12/31/2020
0,Total Revenue,"141,831","142,082","121,329","100,002"
1,Cost of Revenue,"99,547","80,263","67,255","53,346"
2,Gross Profit,"42,284","61,819","54,074","46,656"
3,Operating Expense,"18,415","14,352","10,321","5,326"
4,Operating Income,"23,869","47,467","43,753","41,330"
5,Net Non Operating Interest Income Expense,"-2,672",-640,-361,-305
6,Other Income Expense,"-16,560","-7,191","-5,393",-595
7,Pretax Income,"4,637","39,636","37,999","40,430"
8,Tax Provision,"11,271","16,770","14,857","15,173"
9,Net Income Common Stockholders,"-9,582","17,386","18,079","20,295"
10,Diluted NI Available to Com Stockholders,"-9,582","17,386","18,079","20,295"
11,Basic EPS,-0.69,1.36,1.49,1.73
12,Diluted EPS,-0.69,1.35,1.48,1.73
13,Basic Average Shares,"14,420","12,831","12,170","11,704"
14,Diluted Average Shares,"14,426","12,837","12,177","11,717"
15,Total Operating Income as Reported,"7,309","40,276","38,360","40,735"
16,Total Expenses,"117,962","94,615","77,576","58,672"
17,Net Income from Continuing & Discontinued Operation,"-9,065","17,903","18,405","20,780"
18,Normalized Income,"1,999","21,971","20,979","20,913"
19,Interest Income,37,17,14,62
20,Interest Expense,"2,689",657,375,367
21,Net Interest Income,"-2,672",-640,-361,-305
22,EBIT,"7,326","40,293","38,374","40,797"
23,EBITDA,"7,326","50,434","46,420","45,425"
24,Reconciled Cost of Revenue,"99,547","80,263","67,255","53,346"
25,Reconciled Depreciation,"12,818","10,141","8,046","4,628"
26,Net Income from Continuing Operation Net Minority Interest,"-9,065","17,903","18,405","20,780"
27,Total Unusual Items Excluding Goodwill,"-14,697","-6,293","-4,226",-213
28,Total Unusual Items,"-14,697","-6,293","-4,226",-213
29,Normalized EBITDA,"22,023","56,727","50,646","45,638"
30,Tax Rate for Calcs,0,0,0,0
31,Tax Effect of Unusual Items,"-3,633","-2,225","-1,652",-79.9369
32,Breakdown,12/31/2022,12/31/2021,12/31/2020,
33,Total Assets,"235,191","210,877","177,920",
34,Total Liabilities Net Minority Interest,"41,732","30,321","19,877",
35,Total Equity Gross Minority Interest,"193,459","180,556","158,043",
36,Total Capitalization,"171,050","161,296","141,519",
37,Common Stock Equity,"171,050","161,296","141,519",
38,Capital Lease Obligations,313,465,239,
39,Net Tangible Assets,"171,050","161,296","141,519",
40,Working Capital,"5,986","35,245","34,622",
41,Invested Capital,"183,393","162,183","141,927",
42,Tangible Book Value,"171,050","161,296","141,519",
43,Total Debt,"12,656","1,352",647,
44,Net Debt,"5,608",-,-,
45,Share Issued,"12,833","12,757","12,119",
46,Ordinary Shares Number,"12,833","12,757","12,119",
47,Treasury Shares Number,0,-,-,
