,Breakdown,ttm,12/31/2022,12/31/2021,12/31/2020
0,Total Revenue,"864,428","884,066","784,616","1,552,645"
1,Cost of Revenue,"242,689","252,561","257,656","475,378"
2,Gross Profit,"621,739","631,505","526,960","1,077,267"
3,Operating Expense,"829,139","857,096","756,531","1,608,382"
4,Operating Income,"-207,400","-225,591","-229,571","-531,115"
5,Net Non Operating Interest Income Expense,"48,785","35,710","25,391","35,655"
6,Other Income Expense,"-580,391","-355,899","-135,391","1,003,707"
7,Pretax Income,"-739,006","-545,780","-339,571","508,247"
8,Tax Provision,"-22,457","-25,089","13,633","97,090"
9,Net Income Common Stockholders,"-727,011","-522,190","-353,135","406,063"
10,Diluted NI Available to Com Stockholders,"-727,011","-522,190","-353,135","406,063"
11,Basic EPS,2.59,-18.09,-12.35,15.50
12,Diluted EPS,2.42,-18.09,-12.35,15.00
13,Basic Average Shares,"139,011","28,874","28,601","27,989"
14,Diluted Average Shares,"241,347","28,874","28,601","27,989"
15,Total Operating Income as Reported,"-207,400","-225,591","-229,571","-531,115"
16,Total Expenses,"1,071,828","1,109,657","1,014,187","2,083,760"
17,Net Income from Continuing & Discontinued Operation,"-718,296","-513,475","-351,126","416,732"
18,Normalized Income,"-645,947","-422,428","-369,342","384,864"
19,Interest Income,"48,785","35,710","25,391","35,655"
20,Net Interest Income,"48,785","35,710","25,391","35,655"
21,EBIT,"-207,400","-225,591","-229,571","-531,115"
22,EBITDA,"-207,400","-172,566","-178,749","-462,569"
23,Reconciled Cost of Revenue,"242,689","252,561","257,656","475,378"
24,Reconciled Depreciation,-,"53,025","50,822","68,546"
25,Net Income from Continuing Operation Net Minority Interest,"-718,296","-513,475","-351,126","416,732"
26,Total Unusual Items Excluding Goodwill,"-74,616","-95,434","24,288","39,393"
27,Total Unusual Items,"-74,616","-95,434","24,288","39,393"
28,Normalized EBITDA,"-132,784","-77,132","-203,037","-501,962"
29,Tax Rate for Calcs,0,0,0,0
30,Tax Effect of Unusual Items,"-2,267","-4,387","6,072","7,525"
31,Breakdown,12/31/2022,12/31/2021,12/31/2020,
32,Total Assets,"5,139,419","4,978,318","5,613,483",
33,Total Liabilities Net Minority Interest,"2,034,633","1,618,175","1,825,091",
34,Total Equity Gross Minority Interest,"3,104,786","3,360,143","3,788,392",
35,Total Capitalization,"3,033,331","3,279,126","3,747,381",
36,Common Stock Equity,"3,033,331","3,279,126","3,747,381",
37,Capital Lease Obligations,"41,474","48,129","18,833",
38,Net Tangible Assets,"3,024,901","3,269,074","3,734,806",
39,Working Capital,"1,345,168","1,244,593","1,374,544",
40,Invested Capital,"3,033,331","3,279,126","3,747,381",
41,Tangible Book Value,"3,024,901","3,269,074","3,734,806",
42,Total Debt,"41,474","48,129","18,833",
43,Share Issued,"1,449,474","1,432,731","1,427,611",
44,Ordinary Shares Number,"1,449,474","1,432,731","1,427,611",
45,Treasury Shares Number,-,-,"11,968",
