,Breakdown,ttm,12/31/2022,12/31/2021,12/31/2020
0,Total Revenue,"1,511,406","1,113,859","793,639","460,319"
1,Cost of Revenue,"1,074,985","513,202","351,772","248,698"
2,Gross Profit,"436,421","600,657","441,867","211,621"
3,Operating Expense,"80,470","66,264","46,440","32,631"
4,Operating Income,"355,951","534,393","395,427","178,990"
5,Net Non Operating Interest Income Expense,"-111,982","-116,760","-78,043","-65,552"
6,Other Income Expense,"137,050","137,059","117,737","-104,561"
7,Pretax Income,"381,019","554,692","435,121","8,877"
8,Net Income Common Stockholders,"354,681","523,887","404,053","-21,586"
9,Diluted NI Available to Com Stockholders,"354,681","523,887","404,053","-21,586"
10,Basic EPS,3.65,4.26,3.28,-0.18
11,Diluted EPS,3.65,4.26,3.28,-0.18
12,Basic Average Shares,"121,288","122,964","123,071","120,696"
13,Diluted Average Shares,"121,288","122,964","123,071","120,696"
14,Total Operating Income as Reported,"468,008","662,246","441,350","60,328"
15,Rent Expense Supplemental,"340,926",-,-,-
16,Total Expenses,"1,155,455","579,466","398,212","281,329"
17,Net Income from Continuing & Discontinued Operation,"385,749","554,955","435,121","8,877"
18,Normalized Income,"283,566","451,438","361,936","97,891"
19,Interest Income,"32,447","5,956","1,587","1,827"
20,Interest Expense,"144,429","107,205","71,796","63,252"
21,Net Interest Income,"-111,982","-116,760","-78,043","-65,552"
22,EBIT,"525,448","661,897","506,917","72,129"
23,EBITDA,"525,448","828,093","643,451","181,021"
24,Reconciled Cost of Revenue,"1,074,985","513,202","351,772","248,698"
25,Reconciled Depreciation,-,"166,196","136,534","108,892"
26,Net Income from Continuing Operation Net Minority Interest,"385,749","554,955","435,121","8,877"
27,Total Unusual Items Excluding Goodwill,"129,345","131,034","100,254","-121,937"
28,Total Unusual Items,"129,345","131,034","100,254","-121,937"
29,Normalized EBITDA,"396,103","697,059","543,197","302,958"
30,Tax Rate for Calcs,0,0,0,0
31,Tax Effect of Unusual Items,"27,162","27,517","27,069","-32,923"
32,Breakdown,12/31/2022,12/31/2021,12/31/2020,
33,Total Assets,"4,896,229","4,407,041","3,010,516",
34,Total Liabilities Net Minority Interest,"2,735,792","2,681,142","1,661,696",
35,Total Equity Gross Minority Interest,"2,160,437","1,725,899","1,348,820",
36,Total Capitalization,"4,421,457","3,895,617","2,653,896",
37,Common Stock Equity,"2,156,950","1,725,899","1,348,820",
38,Capital Lease Obligations,0,"116,365","132,861",
39,Net Tangible Assets,"2,156,482","1,725,232","1,347,981",
40,Working Capital,"591,532","56,097","-14,924",
41,Invested Capital,"4,741,571","4,167,982","2,801,033",
42,Tangible Book Value,"2,156,482","1,725,232","1,347,981",
43,Total Debt,"2,584,621","2,558,448","1,585,074",
44,Net Debt,"1,866,572","2,166,081","1,308,291",
45,Share Issued,"127,038","123,985","122,160",
46,Ordinary Shares Number,"122,302","123,985","122,160",
47,Preferred Shares Number,"14,504","14,504","14,504",
48,Treasury Shares Number,"4,737",-,-,
