,Breakdown,ttm,12/31/2022,12/31/2021,12/31/2020
0,Total Revenue,"364,101","377,376","307,483","222,356"
1,Cost of Revenue,"314,708","324,974","266,139","187,882"
2,Gross Profit,"49,393","52,402","41,344","34,474"
3,Operating Expense,"32,421","34,399","30,276","24,084"
4,Operating Income,"16,972","18,003","11,068","10,390"
5,Net Non Operating Interest Income Expense,"-2,097","-1,960","-2,311","-5,923"
6,Other Income Expense,"-1,447","-1,458",162,80
7,Pretax Income,"13,428","14,585","8,919","4,547"
8,Tax Provision,"5,616","2,382","4,248","-3,618"
9,Net Income Common Stockholders,"7,692","12,023","4,439","7,741"
10,Diluted NI Available to Com Stockholders,"7,692","12,023","4,439","7,741"
11,Basic EPS,2.70,1.44,0.55,0.98
12,Diluted EPS,2.65,1.44,0.55,0.98
13,Basic Average Shares,"8,490","8,356","8,062","7,936"
14,Diluted Average Shares,"8,652","8,368","8,062","7,939"
15,Total Operating Income as Reported,"16,972","18,003","11,068","10,390"
16,Total Expenses,"347,129","359,373","296,415","211,966"
17,Net Income from Continuing & Discontinued Operation,"7,812","12,203","4,671","8,165"
18,Normalized Income,"8,761","13,527","4,671","8,165"
19,Interest Expense,"2,097","1,960","2,311","5,923"
20,Net Interest Income,"-2,097","-1,960","-2,311","-5,923"
21,EBIT,"15,525","16,545","11,230","10,470"
22,EBITDA,"27,274","28,429","22,846","22,132"
23,Reconciled Cost of Revenue,"314,708","324,974","266,139","187,882"
24,Reconciled Depreciation,"11,749","11,884","11,616","11,662"
25,Net Income from Continuing Operation Net Minority Interest,"7,812","12,203","4,671","8,165"
26,Total Unusual Items Excluding Goodwill,"-1,582","-1,582",0,0
27,Total Unusual Items,"-1,582","-1,582",0,0
28,Normalized EBITDA,"28,856","30,011","22,846","22,132"
29,Tax Rate for Calcs,0,0,0,0
30,Tax Effect of Unusual Items,-632.8,-258.3698,0,0
31,Breakdown,12/31/2022,12/31/2021,12/31/2020,
32,Total Assets,"198,615","186,692","165,508",
33,Total Liabilities Net Minority Interest,"82,490","86,597","71,576",
34,Total Equity Gross Minority Interest,"116,125","100,095","93,932",
35,Total Capitalization,"139,111","121,346","119,130",
36,Common Stock Equity,"116,125","100,095","93,932",
37,Net Tangible Assets,"91,130","73,152","65,040",
38,Working Capital,"29,868","22,090","20,483",
39,Invested Capital,"142,183","129,713","122,085",
40,Tangible Book Value,"91,130","73,152","65,040",
41,Total Debt,"26,058","29,618","28,153",
42,Net Debt,"21,875","23,472","24,022",
43,Share Issued,"12,284","12,054","11,791",
44,Ordinary Shares Number,"8,418","8,236","7,981",
45,Treasury Shares Number,"3,866","3,818","3,811",
