,Breakdown,ttm,11/30/2023,11/30/2022,11/30/2021,11/30/2020
0,Total Revenue,"1,636","1,636","-27,476","10,512",786.54
1,Operating Expense,369.98,369.98,273.985,297.92,289.319
2,Pretax Income,"1,266","1,266","-27,750","10,214",497.221
3,Net Income Common Stockholders,"1,266","1,266","-27,750","10,214",497.221
4,Diluted NI Available to Com Stockholders,"1,266","1,266","-27,750","10,214",497.221
5,Basic EPS,-0.26,-,-0.97,0.36,0.02
6,Diluted EPS,-0.26,-,-0.97,0.36,0.02
7,Basic Average Shares,"30,320",-,"28,609","28,372","24,861"
8,Diluted Average Shares,"30,320",-,"28,609","28,372","24,861"
9,Net Income from Continuing & Discontinued Operation,"1,266","1,266","-27,750","10,214",497.221
10,Normalized Income,"1,266","1,266","-27,750","10,214",497.221
11,Interest Income,"8,130","8,130","7,691","8,212","8,878"
12,Interest Expense,"3,011","3,011","1,489",867.576,"1,367"
13,Net Interest Income,"5,119","5,119","6,202","7,344","7,512"
14,Net Income from Continuing Operation Net Minority Interest,"1,266","1,266","-27,750","10,214",497.221
15,Tax Rate for Calcs,0,0,0,0,0
16,Tax Effect of Unusual Items,0,0,0,0,0
17,Breakdown,11/30/2023,11/30/2022,11/30/2021,11/30/2020,
18,Total Assets,"155,009","175,666","220,552","209,373",
19,Total Liabilities Net Minority Interest,"62,014","70,716","82,817","75,981",
20,Total Equity Gross Minority Interest,"92,995","104,951","137,736","133,392",
21,Common Stock Equity,"92,995","104,951","137,736","133,392",
22,Net Tangible Assets,"92,995","104,951","137,736","133,392",
23,Tangible Book Value,"92,995","104,951","137,736","133,392",
24,Share Issued,"25,493","28,325","28,325","28,325",
25,Ordinary Shares Number,"25,493","28,325","28,325","28,325",
26,Preferred Shares Number,-,-,-,3,
