,Breakdown,ttm,12/31/2022,12/31/2021,12/31/2020
0,Total Revenue,"1,194,291","1,059,518","596,888","1,102,819"
1,Pretax Income,"220,146","172,584","93,765","162,702"
2,Tax Provision,"45,888","37,233","28,558","47,849"
3,Net Income Common Stockholders,"174,258","135,351","65,207","114,853"
4,Diluted NI Available to Com Stockholders,"174,258","135,351","65,207","114,853"
5,Basic EPS,2.40,2.00,1.00,1.60
6,Diluted EPS,2.40,1.80,1.00,1.60
7,Basic Average Shares,"73,121","68,582","68,582","68,582"
8,Diluted Average Shares,"73,714","76,355","76,295","76,262"
9,Rent Expense Supplemental,"15,637","13,967","14,764","21,719"
10,Net Income from Continuing & Discontinued Operation,"174,258","135,351","65,207","114,853"
11,Normalized Income,"180,362","141,399","78,438","138,338"
12,Interest Income,"1,763,304","1,730,683","1,805,329","1,854,823"
13,Interest Expense,"737,088","784,777","775,566","731,315"
14,Net Interest Income,"1,026,217","945,907","1,029,763","1,123,508"
15,Reconciled Depreciation,-,"2,244","3,822","6,047"
16,Net Income from Continuing Operation Net Minority Interest,"174,258","135,351","65,207","114,853"
17,Total Unusual Items Excluding Goodwill,"-7,711","-7,711","-19,026","-33,271"
18,Total Unusual Items,"-7,711","-7,711","-19,026","-33,271"
19,Tax Rate for Calcs,0,0,0,0
20,Tax Effect of Unusual Items,"-1,607","-1,663","-5,795","-9,785"
21,Breakdown,12/31/2022,12/31/2021,12/31/2020,
22,Total Assets,"14,481,920","14,386,171","12,233,496",
23,Total Liabilities Net Minority Interest,"10,544,206","10,567,884","8,492,245",
24,Total Equity Gross Minority Interest,"3,937,713","3,818,288","3,741,251",
25,Total Capitalization,"11,613,552","11,860,180","9,390,920",
26,Common Stock Equity,"3,885,993","3,818,288","3,741,251",
27,Capital Lease Obligations,"28,583","15,521","19,544",
28,Net Tangible Assets,"3,882,505","3,814,278","3,738,021",
29,Invested Capital,"11,613,552","11,860,180","9,390,920",
30,Tangible Book Value,"3,882,505","3,814,278","3,738,021",
31,Total Debt,"7,756,143","8,057,413","5,669,214",
32,Net Debt,"5,810,282","5,653,501","3,574,695",
33,Share Issued,"1,559,577","1,559,577","1,371,643",
34,Ordinary Shares Number,"1,371,643","1,371,643","1,371,643",
35,Treasury Shares Number,"187,934","187,934",-,
