,Breakdown,ttm,12/31/2022,12/31/2021,12/31/2020
0,Total Revenue,"24,691","15,048",788,0
1,Cost of Revenue,"5,516","3,194",130,0
2,Gross Profit,"19,175","11,854",658,0
3,Operating Expense,"30,701","24,212","5,250",0
4,Operating Income,"-11,526","-12,358","-4,592",0
5,Net Non Operating Interest Income Expense,122,27,282,0
6,Other Income Expense,-16,-453,219,-
7,Pretax Income,"-11,420","-12,784","-4,091",0
8,Tax Provision,-53,60,100,0
9,Net Income Common Stockholders,"-11,367","-42,556","18,738","21,241"
10,Diluted NI Available to Com Stockholders,"-11,367","-42,556","18,738","21,241"
11,Basic EPS,-2.40,-7.80,3.60,4.20
12,Diluted EPS,-2.40,-7.80,3.60,3.99
13,Basic Average Shares,"5,662","5,594","5,475","5,326"
14,Diluted Average Shares,"5,662","5,594","5,475","5,326"
15,Total Operating Income as Reported,"-11,526","-12,358","-4,592",0
16,Total Expenses,"36,217","27,406","5,380",0
17,Net Income from Continuing & Discontinued Operation,"-11,367","-42,556","18,738","21,241"
18,Normalized Income,"-11,367","-12,844","-4,191",0
19,Interest Income,122,27,282,0
20,Interest Expense,-,-,-,10.1021
21,Net Interest Income,122,27,282,0
22,EBIT,"-11,526","-12,358","-4,592",0
23,EBITDA,"-11,526","-12,255","-4,495",0
24,Reconciled Cost of Revenue,"5,516","3,194",130,0
25,Reconciled Depreciation,-,103,97,0
26,Net Income from Continuing Operation Net Minority Interest,"-11,367","-12,844","-4,191",0
27,Total Unusual Items Excluding Goodwill,-,-,"-5,048",0
28,Total Unusual Items,-,-,"-5,048",0
29,Normalized EBITDA,"-11,526","-12,255","-4,495",0
30,Tax Rate for Calcs,0,0,0,0
31,Tax Effect of Unusual Items,0,0,0,0
32,Breakdown,12/31/2022,12/31/2021,12/31/2020,
33,Total Assets,"27,634","187,067","338,198",
34,Total Liabilities Net Minority Interest,"21,057","300,495","470,893",
35,Total Equity Gross Minority Interest,"6,577","-113,428","-132,695",
36,Total Capitalization,"6,577","-113,428","-132,695",
37,Common Stock Equity,"6,577","-113,428","-132,695",
38,Capital Lease Obligations,734,"1,632","14,777",
39,Net Tangible Assets,"6,473","-113,544","-136,449",
40,Working Capital,"6,057","-145,793","-214,353",
41,Invested Capital,"6,577","-113,428","-132,695",
42,Tangible Book Value,"6,473","-113,544","-136,449",
43,Total Debt,734,"1,632","14,777",
44,Share Issued,"337,816","337,490","325,733",
45,Ordinary Shares Number,"337,816","333,582","323,641",
46,Treasury Shares Number,-,"3,908","2,093",
