,Breakdown,ttm,12/31/2022,12/31/2021,12/31/2020
0,Total Revenue,"134,333","133,648","128,134","11,338"
1,Cost of Revenue,"86,369","73,196","66,340","6,060"
2,Gross Profit,"47,964","60,452","61,794","5,278"
3,Operating Expense,"41,725","38,444","41,443","25,886"
4,Operating Income,"6,239","22,007","20,351","-20,608"
5,Net Non Operating Interest Income Expense,"-17,286","-13,928","-12,742","-10,302"
6,Other Income Expense,276.507,"-15,927","-6,070","-275,243"
7,Pretax Income,"-10,770","-7,848","1,539","-306,152"
8,Tax Provision,460.445,"1,672","4,075",-84.858
9,Net Income Common Stockholders,"-27,025","-25,314","-17,648","-315,257"
10,Diluted NI Available to Com Stockholders,"-27,025","-25,314","-17,648","-315,257"
11,Basic EPS,-1.50,-1.41,-1.01,-23.09
12,Diluted EPS,-1.52,-1.44,-1.01,-23.09
13,Basic Average Shares,"15,979","15,734","14,582","13,651"
14,Diluted Average Shares,"16,444","16,199","14,582","13,651"
15,Total Operating Income as Reported,"6,239","5,797","14,373","-307,872"
16,Total Expenses,"128,094","111,640","107,783","31,946"
17,Net Income from Continuing & Discontinued Operation,"-14,468","-12,757","-5,402","-306,068"
18,Normalized Income,"-14,468",49.3988,-409.382,"-30,430"
19,Interest Expense,"17,286","13,928","12,742","10,302"
20,Net Interest Income,"-17,286","-13,928","-12,742","-10,302"
21,EBIT,"6,515","6,081","14,281","-295,851"
22,EBITDA,"21,214","22,157","29,083","-282,196"
23,Reconciled Cost of Revenue,"86,369","73,196","66,340","6,060"
24,Reconciled Depreciation,"14,699","16,076","14,802","13,654"
25,Net Income from Continuing Operation Net Minority Interest,"-14,468","-12,757","-5,402","-306,068"
26,Total Unusual Items Excluding Goodwill,0,"-16,210","-6,839","-275,714"
27,Total Unusual Items,0,"-16,210","-6,839","-275,714"
28,Normalized EBITDA,"21,214","38,367","35,922","-6,482"
29,Tax Rate for Calcs,0,0,0,0
30,Tax Effect of Unusual Items,0,"-3,404","-1,847",-76.4213
31,Breakdown,12/31/2022,12/31/2021,12/31/2020,
32,Total Assets,"494,963","507,637","284,953",
33,Total Liabilities Net Minority Interest,"255,296","244,005","135,553",
34,Total Equity Gross Minority Interest,"239,667","263,632","149,400",
35,Total Capitalization,"239,097","262,481","264,408",
36,Preferred Stock Equity,"129,526","129,526","125,270",
37,Common Stock Equity,"-6,753","17,290","24,129",
38,Capital Lease Obligations,"4,696","6,047",56.441,
39,Net Tangible Assets,"122,773","130,605","147,681",
40,Working Capital,"-78,586","-74,803","101,025",
41,Invested Capital,"209,905","232,680","139,138",
42,Tangible Book Value,"-6,753","1,080","22,411",
43,Total Debt,"221,354","221,437","115,065",
44,Net Debt,"198,828","203,850","15,411",
45,Share Issued,"15,938","15,577","13,652",
46,Ordinary Shares Number,"15,938","15,577","13,652",
47,Preferred Shares Number,"5,181","5,181","5,011",
