,Breakdown,ttm,12/31/2022,12/31/2021,12/31/2020
0,Total Revenue,"3,461,098","2,965,033","1,509,931","801,003"
1,Cost of Revenue,"1,959,733","1,874,920","959,010","786,900"
2,Gross Profit,"1,501,365","1,090,113","550,921","14,103"
3,Operating Expense,"689,597","639,729","404,404","231,936"
4,Operating Income,"811,768","450,384","146,517","-217,833"
5,Net Non Operating Interest Income Expense,"-108,007","-69,601","-65,385","-53,082"
6,Other Income Expense,"-88,118","7,447","-26,802","-359,864"
7,Pretax Income,"615,641","388,230","54,330","-630,779"
8,Tax Provision,"97,456","40,176","10,486","-23,717"
9,Net Income Common Stockholders,"518,185","348,054","43,844","-607,062"
10,Average Dilution Earnings,-,"25,214",0,0
11,Diluted NI Available to Com Stockholders,"518,185","373,268","43,844","-607,062"
12,Basic EPS,10.45,8.58,1.03,-14.28
13,Diluted EPS,9.73,7.88,1.03,-14.28
14,Basic Average Shares,"39,732","40,581","42,601","42,508"
15,Diluted Average Shares,"42,084","47,356","42,601","42,508"
16,Total Operating Income as Reported,"811,767","450,384","151,958","-460,930"
17,Total Expenses,"2,649,330","2,514,649","1,363,414","1,018,836"
18,Net Income from Continuing & Discontinued Operation,"518,185","348,054","43,844","-607,062"
19,Normalized Income,"598,375","341,444","62,817","-261,997"
20,Interest Income,"50,209","18,030","10,849","19,963"
21,Interest Expense,"158,216","85,743","74,051","64,272"
22,Net Interest Income,"-108,007","-69,601","-65,385","-53,082"
23,EBIT,"773,857","473,973","128,381","-566,507"
24,EBITDA,"773,857","741,677","368,327","-307,171"
25,Reconciled Cost of Revenue,"1,959,733","1,874,920","959,010","786,900"
26,Reconciled Depreciation,-,"267,704","239,946","259,336"
27,Net Income from Continuing Operation Net Minority Interest,"518,185","348,054","43,844","-607,062"
28,Total Unusual Items Excluding Goodwill,"-95,271","7,377","-23,511","-358,695"
29,Total Unusual Items,"-95,271","7,377","-23,511","-358,695"
30,Normalized EBITDA,"869,128","734,300","391,838","51,524"
31,Tax Rate for Calcs,0,0,0,0
32,Tax Effect of Unusual Items,"-15,081",767.208,"-4,538","-13,630"
33,Breakdown,12/31/2022,12/31/2021,12/31/2020,
34,Total Assets,"4,690,362","4,248,261","3,853,384",
35,Total Liabilities Net Minority Interest,"3,198,252","2,948,864","2,569,826",
36,Total Equity Gross Minority Interest,"1,492,110","1,299,397","1,283,558",
37,Total Capitalization,"2,793,929","2,528,428","2,319,512",
38,Common Stock Equity,"1,492,110","1,299,397","1,283,558",
39,Capital Lease Obligations,"238,373","178,651","230,510",
40,Net Tangible Assets,"1,413,555","1,217,648","1,187,990",
41,Working Capital,"42,254","185,688","405,983",
42,Invested Capital,"2,936,413","2,725,030","2,447,458",
43,Tangible Book Value,"1,413,555","1,217,648","1,187,990",
44,Total Debt,"1,682,676","1,604,284","1,394,410",
45,Net Debt,"1,321,879","1,214,552","1,044,835",
46,Share Issued,"44,972","44,937","44,800",
47,Ordinary Shares Number,"39,416","41,933","42,359",
48,Treasury Shares Number,"5,556","3,004","2,441",
