,Breakdown,ttm,12/31/2022,12/31/2021,12/31/2020
0,Total Revenue,"1,950,075","2,115,746","1,937,767","1,296,334"
1,Cost of Revenue,"1,260,623","1,463,715","1,378,336","921,048"
2,Gross Profit,"689,452","652,031","559,431","375,286"
3,Operating Expense,"315,310","292,012","237,856","192,445"
4,Operating Income,"374,142","360,019","321,575","182,841"
5,Net Non Operating Interest Income Expense,"-96,799","-91,799","-86,074","-85,718"
6,Other Income Expense,"-31,599","-5,800","-11,391","-11,225"
7,Pretax Income,"245,708","262,420","224,110","85,898"
8,Tax Provision,"76,808","85,592","70,940","28,004"
9,Net Income Common Stockholders,"168,900","176,828","153,170","57,894"
10,Diluted NI Available to Com Stockholders,"168,900","176,828","153,170","57,894"
11,Basic EPS,2.00,2.05,1.80,0.70
12,Diluted EPS,2.00,2.05,1.80,0.70
13,Basic Average Shares,"85,621","85,621","85,094","85,621"
14,Diluted Average Shares,"85,621","85,621","85,094","85,621"
15,Total Operating Income as Reported,"337,555","355,318","318,250","176,110"
16,Total Expenses,"1,575,933","1,755,727","1,616,192","1,113,493"
17,Net Income from Continuing & Discontinued Operation,"168,900","176,828","153,170","57,894"
18,Normalized Income,"190,703","182,859","163,660","67,150"
19,Interest Income,"7,246","2,974","2,747","2,447"
20,Interest Expense,"104,045","76,753","71,777","70,793"
21,Net Interest Income,"-96,799","-91,799","-86,074","-85,718"
22,EBIT,"349,753","339,173","295,887","156,691"
23,EBITDA,"365,053","477,712","431,454","295,858"
24,Reconciled Cost of Revenue,"1,260,623","1,341,843","1,259,338","798,507"
25,Reconciled Depreciation,"15,300","138,539","135,567","139,167"
26,Net Income from Continuing Operation Net Minority Interest,"168,900","176,828","153,170","57,894"
27,Total Unusual Items Excluding Goodwill,"-31,599","-9,002","-15,358","-13,733"
28,Total Unusual Items,"-31,599","-9,002","-15,358","-13,733"
29,Normalized EBITDA,"396,652","486,714","446,812","309,591"
30,Tax Rate for Calcs,0,0,0,0
31,Tax Effect of Unusual Items,"-9,796","-2,971","-4,868","-4,477"
32,Breakdown,12/31/2022,12/31/2021,12/31/2020,
33,Total Assets,"3,314,161","3,201,772","3,016,284",
34,Total Liabilities Net Minority Interest,"2,119,026","2,005,967","1,648,729",
35,Total Equity Gross Minority Interest,"1,195,135","1,195,805","1,367,555",
36,Total Capitalization,"1,195,135","1,195,805","2,570,907",
37,Common Stock Equity,"1,195,135","1,195,805","1,367,555",
38,Capital Lease Obligations,"4,355","5,829","6,633",
39,Net Tangible Assets,"1,143,095","1,149,666","1,321,432",
40,Working Capital,"235,314","287,230","612,669",
41,Invested Capital,"1,195,135","1,195,805","2,636,139",
42,Tangible Book Value,"1,143,095","1,149,666","1,321,432",
43,Total Debt,"4,355","5,829","1,275,217",
44,Net Debt,-,"1,271,953","959,672",
45,Share Issued,"464,147","464,147","464,147",
46,Ordinary Shares Number,"428,107","428,107","428,107",
47,Treasury Shares Number,"36,040","36,040","36,040",
