,Breakdown,ttm,12/31/2022,12/31/2021,12/31/2020
0,Total Revenue,"8,072","8,104","9,642","10,866"
1,Cost of Revenue,"8,307","8,598","9,293","8,914"
2,Gross Profit,-234.662,-493.916,349.27,"1,953"
3,Operating Expense,"3,128","3,149","3,465","4,416"
4,Operating Income,"-3,363","-3,643","-3,116","-2,463"
5,Net Non Operating Interest Income Expense,-660.721,-423.864,-538.966,-288.484
6,Other Income Expense,334.337,93.851,255.215,-115.186
7,Pretax Income,"-3,689","-3,973","-3,399","-2,867"
8,Tax Provision,0,0,0,0
9,Net Income Common Stockholders,"-3,689","-3,973","-3,399","-2,867"
10,Diluted NI Available to Com Stockholders,"-3,689","-3,973","-3,399","-2,867"
11,Basic EPS,-0.38,-0.76,-0.74,-0.70
12,Diluted EPS,-0.38,-0.76,-0.74,-0.70
13,Basic Average Shares,"9,426","5,257","4,613","4,362"
14,Diluted Average Shares,"9,426","5,257","4,613","4,362"
15,Total Operating Income as Reported,"-3,029","-3,549","-2,861","-2,578"
16,Total Expenses,"11,435","11,747","12,758","13,330"
17,Net Income from Continuing & Discontinued Operation,"-3,689","-3,973","-3,399","-2,867"
18,Normalized Income,"-4,024","-4,067","-3,655","-2,752"
19,Interest Income,11.164,10.755,3.035,5.675
20,Interest Expense,671.885,434.619,542.001,294.159
21,Net Interest Income,-660.721,-423.864,-538.966,-288.484
22,EBIT,"-3,017","-3,538","-2,857","-2,573"
23,EBITDA,-245.667,-837.689,230.345,106.852
24,Reconciled Cost of Revenue,"8,307","8,598","9,293","8,914"
25,Reconciled Depreciation,"2,772","2,701","3,088","2,679"
26,Net Income from Continuing Operation Net Minority Interest,"-3,689","-3,973","-3,399","-2,867"
27,Total Unusual Items Excluding Goodwill,334.337,93.851,255.215,-115.186
28,Total Unusual Items,334.337,93.851,255.215,-115.186
29,Normalized EBITDA,-580.004,-931.54,-24.87,222.038
30,Tax Rate for Calcs,0,0,0,0
31,Tax Effect of Unusual Items,0,0,0,0
32,Breakdown,12/31/2022,12/31/2021,12/31/2020,
33,Total Assets,"17,784","22,650","21,118",
34,Total Liabilities Net Minority Interest,"13,494","16,632","13,113",
35,Total Equity Gross Minority Interest,"4,290","6,018","8,005",
36,Total Capitalization,"4,290","11,268","8,909",
37,Common Stock Equity,"4,290","6,018","8,005",
38,Capital Lease Obligations,40.445,129.463,52.07,
39,Net Tangible Assets,"2,078","5,428","7,391",
40,Working Capital,"-6,775","-1,420","-6,082",
41,Invested Capital,"13,007","18,377","15,380",
42,Tangible Book Value,"2,078","5,428","7,391",
43,Total Debt,"8,757","12,488","7,428",
44,Net Debt,"6,687","7,500","6,418",
45,Share Issued,"7,491","4,734","4,558",
46,Ordinary Shares Number,"7,491","4,734","4,558",
