,Breakdown,ttm,12/31/2023,12/31/2022,12/31/2021,12/31/2020
0,Total Revenue,"175,613","175,613","-120,302","105,863","51,476"
1,Operating Expense,"1,028","1,028",928.139,781.751,710.487
2,Pretax Income,"174,585","174,585","-121,230","105,081","50,765"
3,Net Income Common Stockholders,"174,585","174,585","-121,230","105,081","50,765"
4,Diluted NI Available to Com Stockholders,"174,585","174,585","-121,230","105,081","50,765"
5,Basic EPS,1.26,-,-1.98,1.65,1.13
6,Diluted EPS,1.26,-,-1.98,1.65,1.13
7,Basic Average Shares,"106,006",-,"102,314","63,565","44,957"
8,Diluted Average Shares,"106,006",-,"102,314","63,565","44,957"
9,Net Income from Continuing & Discontinued Operation,"174,585","174,585","-121,230","105,081","50,765"
10,Normalized Income,"174,585","174,585","-121,230","105,081","50,765"
11,Net Income from Continuing Operation Net Minority Interest,"174,585","174,585","-121,230","105,081","50,765"
12,Tax Rate for Calcs,0,0,0,0,0
13,Tax Effect of Unusual Items,0,0,0,0,0
14,Breakdown,12/31/2023,12/31/2022,12/31/2021,12/31/2020,
15,Total Assets,"713,917","640,340","626,083","392,739",
16,Total Liabilities Net Minority Interest,"1,166","1,429",867.536,"1,365",
17,Total Equity Gross Minority Interest,"712,751","638,911","625,215","391,374",
18,Common Stock Equity,"712,751","638,911","625,215","391,374",
19,Net Tangible Assets,"712,751","638,911","625,215","391,374",
20,Tangible Book Value,"712,751","638,911","625,215","391,374",
21,Share Issued,"109,823","102,314","70,069","45,324",
22,Ordinary Shares Number,"109,823","102,314","70,069","45,324",
23,Treasury Shares Number,0,-,-,-,
