,Breakdown,ttm,12/31/2022,12/31/2021,12/31/2020
0,Total Revenue,29.702,65.408,190.936,239.231
1,Cost of Revenue,0.406,3.734,148.938,204.846
2,Gross Profit,29.296,61.674,41.998,34.385
3,Operating Expense,"41,708","30,686","29,480","27,255"
4,Operating Income,"-41,678","-30,624","-29,438","-27,221"
5,Net Non Operating Interest Income Expense,"1,909",299.501,-1.54,82.839
6,Other Income Expense,-24.675,37.145,-21.287,-59.165
7,Pretax Income,"-39,794","-30,287","-29,460","-27,197"
8,Tax Provision,0,-585.617,"-1,250","-5,169"
9,Net Income Common Stockholders,"-39,794","-29,702","-28,210","-22,028"
10,Diluted NI Available to Com Stockholders,"-39,794","-29,702","-28,210","-22,028"
11,Basic EPS,-0.85,-0.74,-0.75,-0.77
12,Diluted EPS,-0.85,-0.74,-0.75,-0.77
13,Basic Average Shares,"47,005","40,274","37,666","28,562"
14,Diluted Average Shares,"47,005","40,274","37,666","28,562"
15,Total Operating Income as Reported,"-41,678","-30,624","-29,438","-27,221"
16,Total Expenses,"41,708","30,689","29,629","27,460"
17,Net Income from Continuing & Discontinued Operation,"-39,794","-29,702","-28,210","-22,028"
18,Normalized Income,"-39,769","-29,738","-28,190","-21,980"
19,Interest Income,"1,945",326.016,14.403,116.065
20,Interest Expense,36.515,26.515,15.943,33.226
21,Net Interest Income,"1,909",299.501,-1.54,82.839
22,EBIT,"-39,758","-30,261","-29,444","-27,164"
23,EBITDA,"-39,683","-30,176","-29,383","-27,036"
24,Reconciled Cost of Revenue,0.406,3.734,148.938,204.846
25,Reconciled Depreciation,74.601,84.618,61.89,127.964
26,Net Income from Continuing Operation Net Minority Interest,"-39,794","-29,702","-28,210","-22,028"
27,Total Unusual Items Excluding Goodwill,-24.675,37.145,-21.287,-59.165
28,Total Unusual Items,-24.675,37.145,-21.287,-59.165
29,Normalized EBITDA,"-39,658","-30,213","-29,361","-26,977"
30,Tax Rate for Calcs,0,0,0,0
31,Tax Effect of Unusual Items,0,0.7058,-0.8941,-11.2414
32,Breakdown,12/31/2022,12/31/2021,12/31/2020,
33,Total Assets,"62,038","68,946","49,308",
34,Total Liabilities Net Minority Interest,"6,979","6,148","5,085",
35,Total Equity Gross Minority Interest,"55,060","62,798","44,223",
36,Total Capitalization,"55,060","62,798","44,223",
37,Preferred Stock Equity,0.182,0.182,0.242,
38,Common Stock Equity,"55,060","62,798","44,223",
39,Capital Lease Obligations,802.433,923.801,"1,033",
40,Net Tangible Assets,"55,060","62,798","44,223",
41,Working Capital,"53,240","61,124","44,021",
42,Invested Capital,"55,060","62,798","44,223",
43,Tangible Book Value,"55,060","62,798","44,223",
44,Total Debt,802.433,923.801,"1,033",
45,Share Issued,"42,815","38,086","33,558",
46,Ordinary Shares Number,"42,815","38,086","33,558",
