,Breakdown,ttm,12/31/2022,12/31/2021,12/31/2020
0,Total Revenue,"11,373","12,494","7,438","5,308"
1,Operating Expense,735.437,765.955,765.317,639.441
2,Operating Income,"10,637","11,728","6,673","4,669"
3,Net Non Operating Interest Income Expense,5.782,15.464,0.168,5.864
4,Pretax Income,"10,643","11,743","6,673","4,675"
5,Net Income Common Stockholders,"10,643","11,743","6,673","4,675"
6,Diluted NI Available to Com Stockholders,"10,643","11,743","6,673","4,675"
7,Basic EPS,1.98,1.96,1.11,0.78
8,Diluted EPS,1.98,1.96,1.11,0.78
9,Basic Average Shares,"6,000","6,000","6,000","6,000"
10,Diluted Average Shares,"6,000","6,000","6,000","6,000"
11,Total Expenses,735.437,765.955,765.317,639.441
12,Net Income from Continuing & Discontinued Operation,"10,643","11,743","6,673","4,675"
13,Normalized Income,"10,643","11,743","6,673","4,675"
14,Interest Income,5.782,15.464,0.168,5.864
15,Net Interest Income,5.782,15.464,0.168,5.864
16,EBIT,"10,637","11,728","6,673","4,669"
17,EBITDA,"10,637","11,728","6,673","4,669"
18,Net Income from Continuing Operation Net Minority Interest,"10,643","11,743","6,673","4,675"
19,Normalized EBITDA,"10,637","11,728","6,673","4,669"
20,Tax Rate for Calcs,0,0,0,0
21,Tax Effect of Unusual Items,0,0,0,0
22,Breakdown,12/31/2022,12/31/2021,12/31/2020,
23,Total Assets,"4,864","5,089","8,896",
24,Total Liabilities Net Minority Interest,"1,902","1,823","1,373",
25,Total Equity Gross Minority Interest,"2,962","3,266","7,523",
26,Total Capitalization,"2,962","3,266","7,523",
27,Common Stock Equity,"2,962","3,266","7,523",
28,Net Tangible Assets,"2,962","3,266","7,523",
29,Working Capital,"1,000","1,000","1,000",
30,Tangible Book Value,"2,962","3,266","7,523",
31,Share Issued,"6,000","6,000","6,000",
32,Ordinary Shares Number,"6,000","6,000","6,000",
