,Breakdown,ttm,12/31/2022,12/31/2021,12/31/2020
0,Total Revenue,"1,046,196","1,009,624","822,564","679,177"
1,Cost of Revenue,"295,987","293,260","252,104","223,634"
2,Gross Profit,"750,209","716,364","570,460","455,543"
3,Operating Expense,"276,147","365,233","279,858","197,996"
4,Operating Income,"474,062","351,131","290,602","257,547"
5,Net Non Operating Interest Income Expense,"-98,117","-97,181","-86,616","-78,564"
6,Other Income Expense,"5,525","38,522","26,827","-11,372"
7,Pretax Income,"381,470","292,472","230,813","167,611"
8,Net Income Common Stockholders,"379,952","291,263","223,482","165,621"
9,Diluted NI Available to Com Stockholders,"379,952","291,263","223,482","165,621"
10,Basic EPS,1.68,1.29,1.10,0.85
11,Diluted EPS,1.68,1.29,1.09,0.85
12,Basic Average Shares,"225,301","224,928","203,832","194,147"
13,Diluted Average Shares,"226,125","225,881","205,009","194,943"
14,Total Expenses,"572,134","658,493","531,962","421,630"
15,Net Income from Continuing & Discontinued Operation,"379,952","291,263","223,482","165,621"
16,Normalized Income,"379,952","291,263","214,452","173,877"
17,Interest Expense,"93,994","93,284","78,448","75,890"
18,Net Interest Income,"-98,117","-97,181","-86,616","-78,564"
19,EBIT,"475,464","385,756","309,261","243,501"
20,EBITDA,"699,692","700,263","549,478","402,748"
21,Reconciled Cost of Revenue,"291,864","289,363","243,936","220,960"
22,Reconciled Depreciation,"224,228","314,507","240,217","159,247"
23,Net Income from Continuing Operation Net Minority Interest,"379,952","291,263","223,482","165,621"
24,Total Unusual Items Excluding Goodwill,0,0,"12,370","-11,310"
25,Total Unusual Items,0,0,"12,370","-11,310"
26,Normalized EBITDA,"699,692","700,263","537,108","414,058"
27,Tax Rate for Calcs,0,0,0,0
28,Tax Effect of Unusual Items,0,0,"3,340","-3,054"
29,Breakdown,12/31/2022,12/31/2021,12/31/2020,
30,Total Assets,"6,325,830","6,548,079","4,778,142",
31,Total Liabilities Net Minority Interest,"3,428,030","3,549,699","2,687,880",
32,Total Equity Gross Minority Interest,"2,897,800","2,998,380","2,090,262",
33,Total Capitalization,"5,761,471","5,807,448","4,079,092",
34,Common Stock Equity,"2,826,203","2,871,563","1,832,216",
35,Capital Lease Obligations,"65,758","65,801","65,599",
36,Net Tangible Assets,"2,825,022","2,762,769","1,774,396",
37,Working Capital,"-317,496","-390,168","-322,973",
38,Invested Capital,"5,822,371","6,017,348","4,196,892",
39,Tangible Book Value,"2,825,022","2,762,769","1,774,396",
40,Total Debt,"3,061,926","3,211,586","2,430,275",
41,Net Debt,"2,990,104","3,134,645","2,361,084",
42,Share Issued,"224,603","223,918","197,406",
43,Ordinary Shares Number,"224,603","223,918","197,406",
