,Breakdown,ttm,12/31/2022,12/31/2021,12/31/2020
0,Total Revenue,"418,333","776,129","660,453","727,794"
1,Pretax Income,"-157,539","-194,162","80,557","80,343"
2,Tax Provision,"28,539","-8,678","21,223","5,895"
3,Net Income Common Stockholders,"-266,733","-185,484","59,334","75,733"
4,Diluted NI Available to Com Stockholders,"-266,733","-185,484","59,334","75,733"
5,Basic EPS,-10.06,-4.59,1.45,1.83
6,Diluted EPS,-10.06,-4.59,1.38,1.77
7,Basic Average Shares,"41,039","40,428","40,810","41,371"
8,Diluted Average Shares,"41,039","40,428","43,143","42,091"
9,Net Income from Continuing & Discontinued Operation,"-266,733","-185,484","59,334","75,733"
10,Normalized Income,"-177,474","-115,211","93,542","74,448"
11,Interest Income,"571,802","905,407","743,735","788,188"
12,Interest Expense,"208,644","185,661","97,334","72,709"
13,Net Interest Income,"363,158","719,746","646,401","715,479"
14,Reconciled Depreciation,"21,697","36,322","26,955","17,498"
15,Net Income from Continuing Operation Net Minority Interest,"-186,078","-185,484","59,334","74,448"
16,Total Unusual Items Excluding Goodwill,"-10,891","-73,584","-46,415",0
17,Total Unusual Items,"-10,891","-73,584","-46,415",0
18,Tax Rate for Calcs,0,0,0,0
19,Tax Effect of Unusual Items,"-2,287","-3,311","-12,207",0
20,Breakdown,12/31/2022,12/31/2021,12/31/2020,
21,Total Assets,"2,789,193","2,460,596","1,182,986",
22,Total Liabilities Net Minority Interest,"2,843,327","2,300,266","1,051,081",
23,Total Equity Gross Minority Interest,"-54,134","160,330","131,905",
24,Total Capitalization,"943,753","1,126,623","811,905",
25,Common Stock Equity,"-54,134","160,330","131,905",
26,Capital Lease Obligations,"62,847","122,431","122,648",
27,Net Tangible Assets,"-454,080","-379,392","-44,611",
28,Invested Capital,"2,553,180","2,106,123","951,566",
29,Tangible Book Value,"-454,080","-379,392","-44,611",
30,Total Debt,"2,670,161","2,068,224","942,309",
31,Net Debt,"2,533,382","1,882,614","606,318",
32,Share Issued,"50,216","49,684","47,526",
33,Ordinary Shares Number,"40,518","40,810","41,371",
34,Treasury Shares Number,"9,698","8,874","6,155",
