,Breakdown,ttm,12/31/2022,12/31/2021,12/31/2020
0,Total Revenue,"31,584","33,646","33,975","27,591"
1,Cost of Revenue,"32,002","29,831","27,509","22,675"
2,Gross Profit,-417.564,"3,815","6,465","4,915"
3,Operating Expense,"5,073","4,993","5,106","4,998"
4,Operating Income,"-5,490","-1,177","1,359",-83.014
5,Net Non Operating Interest Income Expense,-,55.333,19.797,94.956
6,Other Income Expense,83.784,"4,774",35.76,53.508
7,Pretax Income,"-5,351","3,653","1,414",65.45
8,Tax Provision,"-1,180",785,301,15
9,Net Income Common Stockholders,"-4,171","2,868","1,113",50.45
10,Diluted NI Available to Com Stockholders,"-4,171","2,868","1,113",50.45
11,Basic EPS,-4.32,2.97,1.15,0.05
12,Diluted EPS,-4.32,2.97,1.15,0.05
13,Basic Average Shares,966.132,966.132,966.132,966.132
14,Diluted Average Shares,966.132,966.132,966.132,966.132
15,Total Operating Income as Reported,"-5,490","3,561","1,359",-83.014
16,Total Expenses,"37,074","34,823","32,616","27,674"
17,Net Income from Continuing & Discontinued Operation,"-4,171","2,868","1,113",50.45
18,Normalized Income,"-4,171",-852.0103,"1,113",50.45
19,Interest Income,-,55.333,19.797,94.956
20,Net Interest Income,-,55.333,19.797,94.956
21,EBIT,"-5,490","-1,177","1,359",-83.014
22,EBITDA,"-4,250",102.672,"2,677","1,264"
23,Reconciled Cost of Revenue,"32,002","29,831","27,509","22,675"
24,Reconciled Depreciation,"1,240","1,280","1,319","1,347"
25,Net Income from Continuing Operation Net Minority Interest,"-4,171","2,868","1,113",50.45
26,Total Unusual Items Excluding Goodwill,0,"4,738",0,-
27,Total Unusual Items,0,"4,738",0,-
28,Normalized EBITDA,"-4,250","-4,636","2,677","1,264"
29,Tax Rate for Calcs,0,0,0,0
30,Tax Effect of Unusual Items,0,"1,019",0,0
31,Breakdown,12/31/2022,12/31/2021,12/31/2020,
32,Total Assets,"33,626","31,766","31,238",
33,Total Liabilities Net Minority Interest,"2,639","2,797","2,532",
34,Total Equity Gross Minority Interest,"30,987","28,969","28,706",
35,Total Capitalization,"30,987","28,969","28,706",
36,Common Stock Equity,"30,987","28,969","28,706",
37,Net Tangible Assets,"30,987","28,969","28,706",
38,Working Capital,"20,073","17,422","16,566",
39,Invested Capital,"30,987","28,969","28,706",
40,Tangible Book Value,"30,987","28,969","28,706",
41,Share Issued,"1,138","1,138","1,138",
42,Ordinary Shares Number,966.132,966.132,966.132,
43,Treasury Shares Number,171.964,171.964,171.964,
