,Breakdown,ttm,12/31/2022,12/31/2021,12/31/2020
0,Total Revenue,"87,042","83,336","103,370","87,585"
1,Cost of Revenue,"70,187","67,032","88,364","77,825"
2,Gross Profit,"16,855","16,304","15,005","9,760"
3,Operating Expense,"11,041","11,410","11,824","12,046"
4,Operating Income,"5,813","4,894","3,181","-2,286"
5,Net Non Operating Interest Income Expense,"-2,599","-2,271","-1,141","-1,422"
6,Other Income Expense,89.666,-,"4,795",-
7,Pretax Income,"3,214","2,623","6,835","-3,708"
8,Tax Provision,"-6,061","-6,553",14.609,-53.414
9,Net Income Common Stockholders,"9,275","9,176","6,820","-3,655"
10,Diluted NI Available to Com Stockholders,"9,275","9,176","6,820","-3,655"
11,Basic EPS,0.74,0.74,0.56,-0.31
12,Diluted EPS,0.74,0.74,0.56,-0.31
13,Basic Average Shares,"12,578","12,390","12,194","11,884"
14,Diluted Average Shares,"12,578","12,390","12,194","11,884"
15,Total Operating Income as Reported,"5,813","4,894","3,181","-2,286"
16,Total Expenses,"81,229","78,442","100,188","89,871"
17,Net Income from Continuing & Discontinued Operation,"9,275","9,176","6,820","-3,655"
18,Normalized Income,"9,275","9,176","6,820","-3,655"
19,Interest Expense,"2,599","2,271","1,141","1,422"
20,Net Interest Income,"-2,599","-2,271","-1,141","-1,422"
21,EBIT,"5,813","4,894","7,976","-2,286"
22,EBITDA,"6,337","5,582","9,005","-1,253"
23,Reconciled Cost of Revenue,"70,187","67,032","88,364","77,825"
24,Reconciled Depreciation,523.444,688.096,"1,029","1,033"
25,Net Income from Continuing Operation Net Minority Interest,"9,275","9,176","6,820","-3,655"
26,Normalized EBITDA,"6,337","5,582","9,005","-1,253"
27,Tax Rate for Calcs,0,0,0,0
28,Tax Effect of Unusual Items,0,0,0,0
29,Breakdown,12/31/2022,12/31/2021,12/31/2020,
30,Total Assets,"59,447","55,006","46,509",
31,Total Liabilities Net Minority Interest,"55,250","60,341","59,493",
32,Total Equity Gross Minority Interest,"4,197","-5,335","-12,984",
33,Total Capitalization,"23,997","17,456","13,960",
34,Common Stock Equity,"4,197","-5,335","-12,984",
35,Capital Lease Obligations,"7,102","8,026","4,356",
36,Net Tangible Assets,"2,413","-7,244","-15,018",
37,Working Capital,"12,897","12,176","7,675",
38,Invested Capital,"26,780","20,821","20,462",
39,Tangible Book Value,"2,413","-7,244","-15,018",
40,Total Debt,"29,686","34,182","37,802",
41,Net Debt,"18,736","19,847","27,412",
42,Share Issued,"12,507","12,336","11,951",
43,Ordinary Shares Number,"12,507","12,336","11,951",
